datetime,S,K,sigma,T_years,combo_exec,legs_exec_mean,legging_extra_mean,legging_extra_p50,legging_extra_p90,legging_extra_p99,total_cost_legs_mean,total_extra_mean,total_extra_p90,total_extra_p99
2021-01-11,378.69,379.0,,0.0821917808219178,,,,,,,,,,
2021-02-01,376.23,376.0,,0.0821917808219178,,,,,,,,,,
2021-03-01,389.58,390.0,0.2045820936395739,0.0821917808219178,18.243451551774715,18.24553323822875,0.002081686454033966,0.001826544276211095,0.015075120292149432,0.025498321879053654,1824.553323822875,0.20816864540339663,1.5075120292149433,2.5498321879053654
2021-03-31,396.33,396.0,0.1734512443752725,0.0821917808219178,15.720537020155609,15.722325630491833,0.0017886103362224255,0.0015738999664272058,0.01271931378577431,0.0214880510159825,1572.232563049183,0.17886103362224254,1.2719313785774309,2.14880510159825
2021-04-01,400.61,401.0,0.1580617005631841,0.07945205479452055,14.251594609315237,14.25322598108373,0.0016313717684937246,0.0014269250667684474,0.01204183753950314,0.020393087497669892,1425.3225981083729,0.16313717684937246,1.204183753950314,2.039308749766989
2021-04-30,417.3,417.0,0.1528113339723678,0.07671232876712329,14.089453654446132,14.09106415296279,0.001610498516658895,0.0014106682305152773,0.011779030667292998,0.019936643275740178,1409.1064152962788,0.1610498516658895,1.1779030667292998,1.9936643275740178
2021-05-03,418.2,418.0,0.1467591760347633,0.0821917808219178,14.037156633082793,14.038755140206575,0.001598507123782293,0.0014053775761189158,0.011431551402699467,0.019319669320445466,1403.8755140206574,0.15985071237822931,1.1431551402699467,1.9319669320445467
2021-06-01,419.67,420.0,0.1636007050777343,0.0821917808219178,15.713851983853361,15.71564580564432,0.001793821790958861,0.0015732866825084457,0.013025371439032438,0.022035173515971822,1571.564580564432,0.1793821790958861,1.3025371439032438,2.203517351597182
2021-07-01,430.43,430.0,0.1317280578561926,0.07945205479452055,12.750647407477521,12.75210057024659,0.0014531627690689427,0.0012765844161251039,0.010440038693011288,0.01764957947685063,1275.2100570246591,0.14531627690689428,1.0440038693011287,1.764957947685063
2021-07-30,438.51,439.0,0.1555609677806208,0.07671232876712329,15.08867256808683,15.090404485229199,0.0017319171423687064,0.0015107798644864445,0.012990109229316357,0.022021541900397398,1509.0404485229199,0.17319171423687063,1.2990109229316358,2.2021541900397397
2021-08-02,437.59,438.0,0.1619461873334836,0.0821917808219178,16.221407202725853,16.22325959589653,0.0018523931706763363,0.0016241095449842646,0.013479028032049454,0.022805732470217662,1622.325959589653,0.1852393170676336,1.3479028032049454,2.280573247021766
2021-09-01,451.8,452.0,0.1284597868368034,0.0821917808219178,13.280487995864936,13.282004118508443,0.001516122643508319,0.0013296565995810639,0.011012612488897842,0.018630570261690283,1328.2004118508446,0.15161226435083192,1.1012612488897842,1.8630570261690285
2021-10-01,434.24,434.0,0.1837522908015896,0.07671232876712329,17.62939367459451,17.631409193224542,0.0020155186300318314,0.0017650987179020916,0.01475861503740887,0.024981631252684613,1763.140919322454,0.20155186300318315,1.475861503740887,2.4981631252684613
2021-10-29,459.25,459.0,0.1402188768682805,0.07671232876712329,14.228819957423136,14.230447154153385,0.0016271967302496518,0.0014246291007813383,0.011935576180900397,0.020205344260337797,1423.0447154153387,0.1627196730249652,1.1935576180900396,2.0205344260337794
2021-11-01,460.04,460.0,0.1341100332631318,0.0821917808219178,14.112697376374207,14.114306185481095,0.0016088091068868948,0.0014129565293208302,0.011581693610117403,0.019581914924757405,1411.4306185481096,0.16088091068868948,1.1581693610117403,1.9581914924757406
2021-12-01,450.5,450.0,0.2411268528916975,0.0821917808219178,24.835134919191766,24.837958120172658,0.002823200980890011,0.0024864074541195436,0.01996733106329742,0.033720661654189805,2483.7958120172657,0.28232009808900105,1.996733106329742,3.3720661654189805
2021-12-31,474.96,475.0,0.1705015722258922,0.07671232876712329,17.896995156653265,17.89904420646278,0.0020490498095151574,0.00179191918201127,0.015135794047717607,0.025634359124477077,1789.9044206462781,0.20490498095151574,1.5135794047717608,2.5634359124477077
2022-01-03,477.71,478.0,0.1650495548255392,0.0821917808219178,18.042776582685242,18.044835464665507,0.0020588819802649567,0.0018064534593573711,0.01491413654876794,0.025226490915609884,1804.4835464665505,0.20588819802649566,1.491413654876794,2.5226490915609885
2022-02-01,452.95,453.0,0.2066848560813779,0.0821917808219178,21.414986035339766,21.417425773777424,0.0024397384376580906,0.0021440440162923124,0.017495565648079744,0.029573377140991883,2141.7425773777422,0.24397384376580908,1.7495565648079745,2.9573377140991886
2022-03-01,429.98,430.0,0.2896305487634514,0.0821917808219178,28.482343828662867,28.48558458335718,0.0032407546943141992,0.0028515809793727698,0.023053367269757527,0.038947266362069986,2848.558458335718,0.3240754694314199,2.3053367269757525,3.894726636206999
2022-03-31,451.64,452.0,0.2165717260139416,0.07945205479452055,22.007606574349346,22.01012159876857,0.0025150244192277843,0.0022034479964663234,0.01837754827710398,0.031102619383893523,2201.0121598768574,0.25150244192277843,1.837754827710398,3.110261938389352
2022-04-01,452.92,453.0,0.2097998606944234,0.07671232876712329,21.000132145080496,21.00253545623735,0.0024033111568535557,0.002102608177409593,0.017706954797582594,0.029984027788394117,2100.2535456237347,0.24033111568535556,1.7706954797582595,2.998402778839412
2022-04-29,412.0,412.0,0.3008525299024084,0.07671232876712329,27.38680222588755,27.389931565321486,0.0031293394339335545,0.00274201863700263,0.022837692351608038,0.038648591133803,2738.9931565321485,0.31293394339335545,2.2837692351608037,3.8648591133803003
2022-05-02,414.48,414.0,0.295088989981543,0.0821917808219178,27.958504554546373,27.961681190583835,0.0031766360374611284,0.0027990931660077933,0.022393924185277567,0.03781045350379314,2796.1681190583836,0.3176636037461128,2.2393924185277565,3.781045350379314
2022-06-01,409.59,410.0,0.2830514286030502,0.0821917808219178,26.530383748451438,26.533405979698554,0.0030222312471136236,0.0026561891337841814,0.02165984229627717,0.036610973830593696,2653.340597969855,0.30222312471136237,2.165984229627717,3.6610973830593694
2022-07-01,381.24,381.0,0.2843184062409727,0.07671232876712329,23.943325183248472,23.946059555358616,0.0027343721101462963,0.00239723710958728,0.019887959586198885,0.033649386407113464,2394.6059555358615,0.2734372110146296,1.9887959586198887,3.364938640711346
2022-07-29,411.99,412.0,0.2041865844323229,0.07671232876712329,18.58991439789636,18.59204150149441,0.002127103598046954,0.0018612850495909328,0.015655095261922367,0.026507701531594055,1859.204150149441,0.2127103598046954,1.5655095261922367,2.6507701531594057
2022-08-01,410.77,411.0,0.2133553055100004,0.0821917808219178,20.052655769330702,20.054941654193875,0.002285884863174913,0.0020076617459086066,0.016453115460345554,0.027818029712521897,2005.4941654193876,0.2285884863174913,1.6453115460345555,2.7818029712521897
2022-08-31,395.18,395.0,0.2343329264533703,0.0821917808219178,21.17655718350195,21.178966853753945,0.0024096702519980973,0.002120145555245756,0.01714930339017293,0.028973595409703515,2117.896685375395,0.2409670251998097,1.714930339017293,2.897359540970352
2022-09-01,396.42,396.0,0.2328311070912335,0.07945205479452055,20.74823620798765,20.750600125286073,0.0023639172984250803,0.002077289789113479,0.01695112291323788,0.02865345291361101,2075.060012528608,0.23639172984250806,1.695112291323788,2.865345291361101
2022-09-30,357.18,357.0,0.2883833317216597,0.07671232876712329,22.75396708940048,22.756565917171393,0.002598827770915058,0.002278159667268298,0.01891478182212367,0.032004205617521236,2275.6565917171397,0.2598827770915058,1.891478182212367,3.2004205617521237
2022-10-03,366.61,367.0,0.2883280084523103,0.0821917808219178,24.18978655911701,24.19254208940929,0.0027555302922808358,0.002421850791224145,0.01974530617996599,0.03337454351926882,2419.254208940929,0.27555302922808356,1.9745306179965991,3.337454351926882
2022-11-01,384.52,385.0,0.2558503732529233,0.0821917808219178,22.518480658504377,22.52104795898354,0.0025673004791647797,0.002254541957768197,0.018493396269106906,0.03126924772866725,2252.1047958983545,0.25673004791647797,1.8493396269106908,3.1269247728667247
2022-12-01,407.38,407.0,0.2237077655179331,0.07945205479452055,20.4875400321462,20.489874847841286,0.002334815695084629,0.00205119481259608,0.016769435640239645,0.028349328818351355,2048.9874847841284,0.23348156950846286,1.6769435640239647,2.834932881835136
2022-12-30,382.43,382.0,0.205439026528736,0.07671232876712329,17.355335643248182,17.357317473521586,0.0019818302734055456,0.0017376372626074499,0.014406364338812237,0.02437392632582781,1735.7317473521587,0.19818302734055457,1.4406364338812236,2.437392632582781
2023-01-03,380.82,381.0,0.2127715827942408,0.0821917808219178,18.53870445171253,18.540817494655407,0.0021130429428749004,0.0018560832636929092,0.015197340883234031,0.02569354168899333,1854.0817494655407,0.2113042942874901,1.5197340883234032,2.5693541688993333
2023-02-01,410.8,411.0,0.173279753517271,0.0821917808219178,16.287627618059002,16.28948547363871,0.00185785557970663,0.0016307199254477212,0.01342450417756744,0.022703186264620062,1628.948547363871,0.18578555797066298,1.342450417756744,2.2703186264620063
2023-03-01,394.74,395.0,0.1842792343189812,0.0821917808219178,16.646059313987614,16.64795823344521,0.0018989194575930797,0.0016666078483709157,0.013729289440496116,0.02321951786822047,1664.7958233445206,0.18989194575930796,1.3729289440496115,2.321951786822047
2023-03-31,409.39,409.0,0.187908287302715,0.07671232876712329,16.99480202646717,16.99674343418933,0.0019414077221614197,0.0017015472041599367,0.01414604841880198,0.023937166275408144,1699.6743434189332,0.19414077221614198,1.414604841880198,2.3937166275408144
2023-04-03,410.95,411.0,0.1871416645408539,0.0821917808219178,17.592704429576663,17.594709332550305,0.002004902973643147,0.0017613673885623626,0.014405404471218828,0.02435308073744223,1759.4709332550308,0.20049029736431467,1.4405404471218828,2.435308073744223
2023-05-01,415.51,416.0,0.1433488192483995,0.0821917808219178,13.638833830273285,13.640392947389575,0.0015591171162894556,0.0013655541379042901,0.011418607920145261,0.01932765980910092,1364.0392947389573,0.15591171162894557,1.141860792014526,1.9327659809100919
2023-05-31,417.85,418.0,0.1583935800425219,0.0821917808219178,15.14292808079172,15.144655420021966,0.0017273392302473844,0.001516112929184743,0.012483848764188286,0.021112641283413582,1514.4655420021968,0.17273392302473844,1.2483848764188286,2.1112641283413582
2023-06-01,421.82,422.0,0.1446738913461528,0.07945205479452055,13.72902540492484,13.730595561061385,0.0015701561365458882,0.001374590290734723,0.011527356256667074,0.019515065157110288,1373.0595561061386,0.15701561365458883,1.1527356256667074,1.951506515711029
2023-06-30,443.28,443.0,0.1248691528501521,0.07671232876712329,12.231029415207837,12.232427838084778,0.0013984228769399725,0.00122460185857598,0.010243713586457657,0.0173397508485166,1223.2427838084777,0.13984228769399726,1.0243713586457657,1.7339750848516602
2023-07-03,443.79,444.0,0.1210191573055375,0.0821917808219178,12.289965005910176,12.291368411258203,0.0014034053480276826,0.001230487782875933,0.010210146080646075,0.017274779663913258,1229.1368411258204,0.14034053480276823,1.0210146080646074,1.7274779663913258
2023-08-01,456.48,456.0,0.1161163059403939,0.0821917808219178,12.124979028353355,12.126357599833243,0.001378571479887306,0.0012139129727648523,0.009760565743219905,0.016484738372207854,1212.6357599833243,0.13785714798873058,0.9760565743219906,1.6484738372207854
2023-08-31,450.35,450.0,0.1302096482392274,0.07945205479452055,13.186624305596704,13.188128055018256,0.0015037494215528362,0.0013202424944855906,0.010843877302462699,0.01833676714902743,1318.8128055018256,0.1503749421552836,1.0843877302462699,1.833676714902743
2023-09-01,451.19,451.0,0.1312448678585217,0.07671232876712329,13.084937544587916,13.08643447902058,0.0014969344326617976,0.001310105573492315,0.011004788996256386,0.018632320351482694,1308.6434479020577,0.14969344326617975,1.1004788996256385,1.8632320351482694
2023-09-29,427.48,427.0,0.1508523819242835,0.07671232876712329,14.248380684165298,14.250007753557055,0.0016270693917568295,0.0014265654183853727,0.01182875807740764,0.020013042570377036,1425.0007753557054,0.16270693917568296,1.182875807740764,2.0013042570377033
2023-10-02,427.31,427.0,0.1510347264245407,0.0821917808219178,14.760023495043942,14.761703336860494,0.0016798418165508149,0.0014777406300821028,0.011968988133265055,0.020223037288491945,1476.1703336860492,0.16798418165508147,1.1968988133265055,2.0223037288491943
2023-11-01,422.66,423.0,0.1582467595416351,0.0821917808219178,15.30838074243405,15.310128567932775,0.001747825498725992,0.0015326932180963482,0.012704424214695285,0.02149365089308579,1531.0128567932775,0.1747825498725992,1.2704424214695285,2.1493650893085787
2023-12-01,459.1,459.0,0.1144819134194151,0.07671232876712329,11.614619821544542,11.61594948657284,0.0013296650282983425,0.0011629014694065631,0.009817062431737255,0.016625903788672427,1161.594948657284,0.13296650282983424,0.9817062431737255,1.6625903788672425
2023-12-29,475.31,475.0,0.1139054202769742,0.07671232876712329,11.963840121441429,11.965207863902842,0.0013677424614155149,0.0011978489528692293,0.010013084507448332,0.01694872079969231,1196.5207863902845,0.13677424614155148,1.001308450744833,1.6948720799692307
2024-01-02,472.65,473.0,0.1193892731380642,0.0821917808219178,12.91646763188239,12.91794371802151,0.0014760861391198959,0.0012932247611781023,0.010790104067233129,0.018261613967827453,1291.794371802151,0.1476086139119896,1.0790104067233128,1.8261613967827455
2024-02-01,489.2,489.0,0.1289160433384168,0.07945205479452055,14.182222224981533,14.183841139175842,0.0016189141943084913,0.0014199368669842727,0.011747603426722717,0.019873023441017986,1418.3841139175843,0.16189141943084914,1.1747603426722717,1.9873023441017985
2024-03-01,512.85,513.0,0.1256190316632767,0.07671232876712329,14.240289382497402,14.241921855599943,0.0016324731025414987,0.001425814628422728,0.012151953827445714,0.02059088710267054,1424.1921855599942,0.16324731025414985,1.2151953827445714,2.059088710267054
2024-04-01,522.16,522.0,0.1208776125448705,0.0821917808219178,14.436963652072524,14.438608680604236,0.0016450285317111313,0.0014454149190914478,0.011808902480361991,0.019962368669038187,1443.8608680604236,0.16450285317111316,1.1808902480361991,1.9962368669038189
2024-05-01,500.35,500.0,0.1473324524258115,0.0821917808219178,16.85952680203121,16.86144572264403,0.0019189206128228627,0.0016879394727880026,0.013678464520977937,0.023112074276089443,1686.144572264403,0.19189206128228625,1.3678464520977938,2.3112074276089443
2024-05-31,527.37,527.0,0.1151569817513367,0.07671232876712329,13.420110778841945,13.421644772737723,0.001533993895777469,0.001343652143726004,0.011219716375816445,0.01898999779048361,1342.1644772737723,0.15339938957774688,1.1219716375816444,1.898999779048361
2024-06-03,527.8,528.0,0.1131205276038046,0.0821917808219178,13.661593757872339,13.663153678066243,0.0015599201939022122,0.0013678160319834376,0.011343751953210733,0.019192198737558848,1366.3153678066242,0.15599201939022123,1.1343751953210732,1.9192198737558848
2024-07-01,545.34,545.0,0.0993855255677236,0.0821917808219178,12.397727631370724,12.399138902776109,0.0014112714053849409,0.0012412354942474835,0.010068164513483068,0.017012790824367515,1239.913890277611,0.1411271405384941,1.0068164513483067,1.7012790824367514
2024-07-31,550.81,551.0,0.1579133066049211,0.0821917808219178,19.900713062595056,19.90298307180517,0.0022700092101145277,0.001992462863274369,0.016403773826727884,0.027741777595894905,1990.298307180517,0.2270009210114528,1.6403773826727883,2.7741777595894908
2024-08-01,543.01,543.0,0.1742765826327281,0.07945205479452055,21.2831195427124,21.285550093791645,0.0024305510792450302,0.0021308950685057226,0.017684927458987684,0.029922218457049635,2128.555009379164,0.24305510792450302,1.7684927458987685,2.9922218457049636
2024-08-30,563.68,564.0,0.1641794837959106,0.07671232876712329,20.45913375780978,20.461478801096018,0.0023450432862370894,0.00204847567619737,0.017440928290935884,0.02955115666218442,2046.1478801096016,0.23450432862370893,1.7440928290935884,2.9551156662184423
2024-09-03,552.08,552.0,0.1873683401803091,0.0821917808219178,23.659949230353224,23.662644287505465,0.0026950571522404944,0.002368803023157895,0.019306560393017234,0.03263235899378162,2366.264428750547,0.2695057152240494,1.9306560393017234,3.2632358993781616
2024-10-01,568.62,569.0,0.1628452779649803,0.0821917808219178,21.190689579730066,21.19310808530702,0.0024185055769551517,0.0021216282314657775,0.017537673051391776,0.02966609614194989,2119.310808530702,0.24185055769551522,1.7537673051391776,2.966609614194989
2024-10-31,568.64,569.0,0.1851462951228898,0.07945205479452055,23.686919505798315,23.689627405552645,0.0027078997543318883,0.0023715933836481184,0.019830107970622988,0.03356566697784635,2368.9627405552646,0.27078997543318883,1.9830107970622988,3.356566697784635
2024-11-01,571.04,571.0,0.1759583170612771,0.07671232876712329,22.204176074597473,22.20671726115492,0.0025411865574510167,0.0022231621122053014,0.01872640836007626,0.03171070897458004,2220.6717261154927,0.2541186557451017,1.872640836007626,3.1710708974580037
2024-11-29,602.55,603.0,0.1284033556164239,0.07671232876712329,17.10883560172315,17.11079923663758,0.001963634914428865,0.0017130507125049377,0.014720814345912102,0.02495476017035048,1711.0799236637577,0.19636349144288648,1.47208143459121,2.495476017035048
2024-12-02,603.63,604.0,0.1273053576561828,0.0821917808219178,17.586740577037453,17.58874924326591,0.0020086662284574926,0.001760811962553177,0.014632265092237515,0.02475870431142172,1758.874924326591,0.2008666228457493,1.4632265092237515,2.475870431142172
2025-01-02,584.64,585.0,0.1651107489745319,0.07945205479452055,21.71862896392973,21.72111281034325,0.0024838464135193863,0.0021745322577686466,0.01823250115043322,0.03086614130476401,2172.111281034325,0.24838464135193863,1.823250115043322,3.0866141304764008
2025-01-31,601.82,602.0,0.1543422494292665,0.07671232876712329,20.530995809327443,20.533348160542566,0.002352351215123433,0.002055662164497818,0.017453711849266893,0.02956837825637552,2053.3348160542564,0.23523512151234333,1.7453711849266893,2.9568378256375523
2025-02-03,597.77,598.0,0.1684256124657819,0.0821917808219178,23.035363371346147,23.037990637256407,0.002627265910252189,0.0023063017624114224,0.01897183008142562,0.03208333465321501,2303.79906372564,0.2627265910252189,1.897183008142562,3.2083334653215005
2025-03-03,583.77,584.0,0.1932902971631792,0.0821917808219178,25.816089665490214,25.81903281499544,0.00294314950522746,0.0025846963306506154,0.021195893371739057,0.035838184546925216,2581.903281499544,0.294314950522746,2.1195893371739056,3.5838184546925214
2025-04-01,560.97,561.0,0.2117364464085774,0.0821917808219178,27.16927476496319,27.172369564741796,0.0030947997786047394,0.00272015210937937,0.022170318777127558,0.03747275728036284,2717.23695647418,0.30947997786047393,2.217031877712756,3.7472757280362843
2025-05-01,558.47,558.0,0.3606696758862968,0.07945205479452055,45.26792999551927,45.273082436519964,0.0051524410006976,0.0045321259234469835,0.03671824081905512,0.062041584029931277,4527.308243651996,0.51524410006976,3.671824081905512,6.204158402993127
2025-05-30,589.39,589.0,0.1802247925196178,0.07671232876712329,23.46836019928728,23.47104275751403,0.0026825582267499424,0.002349705753202258,0.019620023626159264,0.033207952398202234,2347.104275751403,0.2682558226749942,1.9620023626159264,3.320795239820223
2025-06-02,592.71,593.0,0.1767614154954939,0.0821917808219178,23.97217286223375,23.974907087260558,0.00273422502680443,0.0024000962351991006,0.019749268375929316,0.0333986211828495,2397.490708726056,0.273422502680443,1.9749268375929316,3.3398621182849504
2025-07-01,617.65,618.0,0.1415506883547616,0.0821917808219178,20.0072618114409,20.009545867282405,0.002284055841502405,0.002003148298511448,0.016590347181452712,0.028066663079803815,2000.9545867282407,0.22840558415024054,1.6590347181452711,2.8066663079803815
2025-07-31,632.08,632.0,0.127322563815882,0.07945205479452055,18.099450469272885,18.101518158199514,0.0020676889266270705,0.001812148470678565,0.015076810224846679,0.025512891146238302,1810.151815819951,0.20676889266270707,1.507681022484668,2.55128911462383
2025-08-01,621.72,622.0,0.1570786387562884,0.07671232876712329,21.588120229824522,21.590594414820927,0.0024741849964054364,0.002161513242226576,0.01838959611835271,0.031157278432252,2159.0594414820926,0.24741849964054363,1.8389596118352711,3.1157278432252
2025-08-29,645.05,645.0,0.138270615062695,0.07671232876712329,19.71046475591998,19.712721596176582,0.0022568402566040253,0.0019734925921550683,0.016678016483680478,0.028247094508482912,1971.2721596176584,0.22568402566040255,1.6678016483680478,2.8247094508482915
2025-09-02,640.27,640.0,0.1415319815096152,0.0821917808219178,20.726096323500194,20.72845693999399,0.0023606164937957316,0.0020750671681870614,0.016899419932071776,0.028562503893390056,2072.845693999399,0.23606164937957316,1.6899419932071778,2.8562503893390057
2025-10-01,668.45,668.0,0.123094986904146,0.0821917808219178,18.819899017554963,18.82204124547777,0.002142227922804782,0.001884209414265925,0.015278417804117336,0.025816376077445885,1882.2041245477772,0.2142227922804782,1.5278417804117337,2.5816376077445886
2025-10-31,682.06,682.0,0.1637784091883566,0.07671232876712329,24.685377984140928,24.688203472804936,0.002825488664008482,0.0024715921525526596,0.020836590923000737,0.03528565533667676,2468.8203472804935,0.2825488664008482,2.0836590923000737,3.5285655336676762
2025-11-03,683.34,683.0,0.1620470123989119,0.0821917808219178,25.32522773986682,25.328111272656063,0.0028835327892447974,0.00253551714682132,0.02060218489428784,0.03481619669801843,2532.811127265606,0.28835327892447976,2.060218489428784,3.481619669801843
2025-12-01,680.27,680.0,0.1636227002029404,0.0821917808219178,25.457285590589,25.460184727771182,0.002899137182181832,0.002548743873392212,0.020739242681148438,0.035050659534575944,2546.018472777118,0.2899137182181832,2.0739242681148435,3.5050659534575943
2025-12-31,681.92,682.0,0.1241338709851855,0.0821917808219178,19.365393491769602,19.367602580376523,0.002209088606924279,0.00193886789799258,0.015969881164575025,0.027008684297731723,1936.7602580376529,0.22090886069242796,1.5969881164575026,2.7008684297731724
2026-01-02,683.17,683.0,0.1212267626567455,0.07671232876712329,18.301254365544803,18.30334922082393,0.002094855279122797,0.0018323907503763337,0.015452709705151333,0.026168790265088466,1830.3349220823925,0.2094855279122797,1.5452709705151333,2.6168790265088466
