datetime,close,hv,vix,sigma_proxy
2021-01-07,379.1,,22.37,
2021-01-08,381.26,,21.56,
2021-01-11,378.69,,24.08,
2021-01-12,378.77,,23.33,
2021-01-13,379.79,,22.21,
2021-01-14,378.46,,23.25,
2021-01-15,375.7,,24.34,
2021-01-19,378.65,,23.24,
2021-01-20,383.89,,21.58,
2021-01-21,384.24,,21.32,
2021-01-22,382.88,,21.91,
2021-01-25,384.39,,23.19,
2021-01-26,383.79,,23.02,
2021-01-27,374.41,,37.21,
2021-01-28,377.63,,30.21,
2021-01-29,370.07,,33.09,
2021-02-01,376.23,,30.24,
2021-02-02,381.55,,25.56,
2021-02-03,381.85,,22.91,
2021-02-04,386.19,,21.77,
2021-02-05,387.71,0.16750138265556022,20.87,0.19222055306222408
2021-02-08,390.51,0.16813309811386043,21.24,0.19469323924554416
2021-02-09,390.25,0.16567845221374886,21.63,0.1960513808854995
2021-02-10,390.08,0.16576127262012502,21.99,0.19824450904804997
2021-02-11,390.71,0.16570039315923443,21.25,0.1937801572636938
2021-02-12,392.64,0.16507903965409224,19.97,0.1858516158616369
2021-02-16,392.3,0.1618889926780208,21.46,0.19351559707120833
2021-02-17,392.39,0.16060673961955524,21.5,0.1932426958478221
2021-02-18,390.72,0.15545673468354215,22.49,0.19712269387341685
2021-02-19,390.03,0.15574054184466127,22.05,0.1945962167378645
2021-02-22,387.03,0.15795695124722564,23.45,0.20388278049889025
2021-02-23,387.5,0.15747529039234034,23.11,0.20165011615693615
2021-02-24,391.77,0.16162064672197365,21.34,0.19268825868878947
2021-02-25,382.33,0.1608766622900231,28.89,0.23769066491600924
2021-02-26,380.36,0.15974606722813378,27.95,0.23159842689125348
2021-03-01,389.58,0.16120523409893497,23.35,0.204582093639574
2021-03-02,386.54,0.15637219349102496,24.1,0.20714887739641
2021-03-03,381.42,0.15709921347372427,26.67,0.2228596853894897
2021-03-04,376.7,0.16311425605123417,28.57,0.23666570242049367
2021-03-05,383.63,0.1715011737764432,24.66,0.21656046951057728
2021-03-08,381.72,0.17148460751262765,25.47,0.22141384300505104
2021-03-09,387.17,0.17747555050434538,24.03,0.21517022020173815
2021-03-10,389.58,0.17902339964645697,22.56,0.20696935985858278
2021-03-11,393.53,0.18261209965419445,21.91,0.20450483986167778
2021-03-12,394.06,0.1825917432928648,20.69,0.19717669731714593
2021-03-15,396.41,0.18296004738655808,20.03,0.19336401895462324
2021-03-16,395.91,0.18300400290250635,19.79,0.1919416011610025
2021-03-17,397.26,0.18329812582534236,19.23,0.18869925033013696
2021-03-18,391.48,0.19053726021380854,21.58,0.2056949040855234
2021-03-19,389.48,0.19134299135897143,20.95,0.20223719654358857
2021-03-22,392.59,0.19111970301175632,18.88,0.18972788120470252
2021-03-23,389.5,0.1935270297492236,20.3,0.19921081189968945
2021-03-24,387.52,0.19011299671321719,21.2,0.20324519868528684
2021-03-25,389.7,0.16884035357116053,19.81,0.18639614142846422
2021-03-26,395.98,0.17524378306230132,18.86,0.1832575132249205
2021-03-29,395.78,0.15496485287099696,20.74,0.18642594114839878
2021-03-30,394.73,0.15220890514609542,19.61,0.17854356205843816
2021-03-31,396.33,0.14262811093818153,19.4,0.1734512443752726
2021-04-01,400.61,0.13520425140796039,17.33,0.15806170056318414
2021-04-05,406.36,0.12992520252319856,17.91,0.1594300810092794
2021-04-06,406.12,0.12730275025728455,18.12,0.15964110010291382
2021-04-07,406.59,0.12048132541952189,17.16,0.15115253016780875
2021-04-08,408.52,0.11998516675460023,16.95,0.14969406670184007
2021-04-09,411.49,0.117967522552529,16.69,0.14732700902101162
2021-04-12,411.64,0.11811657264997698,16.91,0.1487066290599908
2021-04-13,412.86,0.11732755705127794,16.65,0.14683102282051116
2021-04-14,411.45,0.11837731556573693,16.99,0.14929092622629475
2021-04-15,415.87,0.12233904315453037,16.57,0.14835561726181215
2021-04-16,417.26,0.10468103692908715,16.25,0.13937241477163487
2021-04-19,415.21,0.1044759428852065,17.29,0.1455303771540826
2021-04-20,412.17,0.10924981903920782,18.68,0.15577992761568313
2021-04-21,416.07,0.10472228569132437,17.5,0.14688891427652975
2021-04-22,412.27,0.10993053500932394,18.71,0.1562322140037296
2021-04-23,416.74,0.11299183173589425,17.33,0.1491767326943577
2021-04-26,417.61,0.10268356383728133,17.64,0.14691342553491255
2021-04-27,417.52,0.1025702523377798,17.56,0.1463881009351119
2021-04-28,417.4,0.10127393471995408,17.28,0.14418957388798165
2021-04-29,420.06,0.10198129720579864,17.61,0.14645251888231947
2021-04-30,417.3,0.10287833493091958,18.61,0.15281133397236785
2021-05-03,418.2,0.09224794008690834,18.31,0.14675917603476332
2021-05-04,415.62,0.09594493659394794,19.48,0.15525797463757918
2021-05-05,415.75,0.0959916295541141,19.15,0.15329665182164562
2021-05-06,419.07,0.09825513381289482,18.39,0.14964205352515794
2021-05-07,422.12,0.09826143646483505,16.69,0.13944457458593404
2021-05-10,417.94,0.10604476798037654,19.66,0.16037790719215061
2021-05-11,414.21,0.11109087652152189,21.84,0.17547635060860875
2021-05-12,405.41,0.13477452959191352,27.59,0.2194498118367654
2021-05-13,410.28,0.13625197762883548,23.13,0.19328079105153417
2021-05-14,416.58,0.14702564539392893,18.81,0.17167025815757156
2021-05-17,415.52,0.1462269035718379,19.72,0.17681076142873514
2021-05-18,411.94,0.1471710838718002,21.34,0.18690843354872005
2021-05-19,410.86,0.14307098445109281,22.18,0.19030839378043712
2021-05-20,415.28,0.14471224396059404,20.67,0.1819048975842376
2021-05-21,414.94,0.13939422544152874,20.15,0.17665769017661148
2021-05-24,419.17,0.1440162979244385,18.4,0.1680065191697754
2021-05-25,418.24,0.14426628738075126,18.84,0.1707465149523005
2021-05-26,419.07,0.14441326646386118,17.36,0.1619253065855445
2021-05-27,419.29,0.14259014757846494,16.74,0.15747605903138595
2021-05-28,420.04,0.14061211282259745,16.76,0.156804845129039
2021-06-01,419.67,0.14050176269433584,17.9,0.16360070507773433
2021-06-02,420.33,0.13852624594740773,17.48,0.1602904983789631
2021-06-03,418.77,0.13935948342825474,18.04,0.1639837933713019
2021-06-04,422.6,0.1402477037868477,16.42,0.15461908151473908
2021-06-07,422.19,0.1379532240075182,16.42,0.15370128960300727
2021-06-08,422.28,0.13284347864093335,17.07,0.15555739145637335
2021-06-09,421.65,0.1283418451412396,17.89,0.15867673805649585
2021-06-10,423.61,0.09783659747603803,16.1,0.1357346389904152
2021-06-11,424.31,0.0908081525069357,15.65,0.1302232610027743
2021-06-14,425.26,0.075500143141078,16.39,0.12854005725643122
2021-06-15,424.48,0.07509375576926573,17.02,0.1321575023077063
2021-06-16,422.11,0.0704923000414875,18.15,0.13709692001659501
2021-06-17,421.97,0.06929318824927855,17.75,0.13421727529971142
2021-06-18,414.92,0.08671540023443658,20.7,0.15888616009377463
2021-06-21,420.86,0.10028921410932413,17.89,0.14745568564372966
2021-06-22,423.11,0.09563270441764972,16.66,0.13821308176705988
2021-06-23,422.6,0.09532153927591656,16.32,0.13604861571036664
2021-06-24,425.1,0.09711573177924679,15.97,0.13466629271169872
2021-06-25,426.61,0.09762823368094455,15.62,0.13277129347237782
2021-06-28,427.47,0.09765993719496296,15.76,0.13362397487798516
2021-06-29,427.7,0.09745081407991696,16.02,0.13510032563196678
2021-06-30,428.06,0.09742328863225867,15.83,0.13394931545290345
2021-07-01,430.43,0.09712014464048178,15.48,0.1317280578561927
2021-07-02,433.72,0.09568051957052154,15.07,0.12869220782820862
2021-07-06,432.93,0.09599600442559773,16.44,0.1370384017702391
2021-07-07,434.46,0.09623914897984541,16.2,0.13569565959193816
2021-07-08,430.92,0.10169940435414564,19.0,0.15467976174165826
2021-07-09,435.52,0.10656770948044557,16.18,0.13970708379217822
2021-07-12,437.08,0.10684967648468321,16.17,0.1397598705938733
2021-07-13,435.59,0.10819542035197967,17.12,0.14599816814079186
2021-07-14,436.24,0.10760014308317178,16.33,0.14102005723326871
2021-07-15,434.75,0.10599623845780723,17.01,0.14445849538312291
2021-07-16,431.34,0.11096669839619398,18.45,0.15508667935847759
2021-07-19,424.97,0.10688541624134308,22.5,0.17775416649653725
2021-07-20,431.06,0.10690837520630497,19.73,0.161143350082522
2021-07-21,434.55,0.10873379085082367,17.91,0.15095351634032947
2021-07-22,435.46,0.10834146935296077,17.69,0.1494765877411843
2021-07-23,439.94,0.11171853102888796,17.2,0.14788741241155517
2021-07-26,441.02,0.11154820484745093,17.58,0.15009928193898037
2021-07-27,439.01,0.11369803637751723,19.36,0.16163921455100688
2021-07-28,438.83,0.11383555642976625,18.31,0.1553942225719065
2021-07-29,440.65,0.11426624529727336,17.7,0.15190649811890933
2021-07-30,438.51,0.11530241945155215,18.24,0.15556096778062084
2021-08-02,437.59,0.11296546833370902,19.46,0.1619461873334836
2021-08-03,441.15,0.11578247292013415,18.04,0.15455298916805366
2021-08-04,438.98,0.11716051703200477,17.97,0.1546842068128019
2021-08-05,441.76,0.11414504850819339,17.28,0.14933801940327737
2021-08-06,442.49,0.10868310723771178,16.15,0.1403732428950847
2021-08-09,442.13,0.10830927346121674,16.72,0.1436437093844867
2021-08-10,442.68,0.10729108642124272,16.79,0.14365643456849708
2021-08-11,443.78,0.10743236613774157,16.06,0.1393329464550966
2021-08-12,445.11,0.10645266422483947,15.59,0.1361210656899358
2021-08-13,445.92,0.10093829181245129,15.45,0.13307531672498052
2021-08-16,446.97,0.07980889975955562,16.12,0.12864355990382226
2021-08-17,444.04,0.07323707122602756,17.91,0.13675482849041104
2021-08-18,439.18,0.08134389349915935,21.57,0.16195755739966375
2021-08-19,439.86,0.08122804693116074,21.67,0.1625112187724643
2021-08-20,443.36,0.07790304765956436,18.56,0.14252121906382573
2021-08-23,447.26,0.08315845934653873,17.15,0.13616338373861547
2021-08-24,447.97,0.08082165551103757,17.22,0.13564866220441502
2021-08-25,448.91,0.08072707397226404,16.79,0.1330308295889056
2021-08-26,446.26,0.08360917196281693,18.84,0.14648366878512678
2021-08-27,450.25,0.08585014469637678,16.39,0.13268005787855072
2021-08-30,452.23,0.08550929301940961,16.19,0.13134371720776386
2021-08-31,451.56,0.08262982205178428,16.48,0.1319319288207137
2021-09-01,451.8,0.07949946709200867,16.11,0.12845978683680348
2021-09-02,453.19,0.07767575134263277,16.41,0.1295303005370531
2021-09-03,453.08,0.07784556830970334,16.41,0.12959822732388132
2021-09-07,451.46,0.07939183711944686,18.14,0.14059673484777874
2021-09-08,450.91,0.07979003633446521,17.96,0.13967601453378609
2021-09-09,448.98,0.08163219296227602,18.8,0.1454528771849104
2021-09-10,445.44,0.08640451166063413,20.95,0.16026180466425363
2021-09-13,446.58,0.08664560532819435,19.37,0.15087824213127773
2021-09-14,444.17,0.08830467452288153,19.46,0.15208186980915261
2021-09-15,447.88,0.0901038276185044,18.18,0.14512153104740175
2021-09-16,447.17,0.07987049908276608,18.69,0.14408819963310643
2021-09-17,441.4,0.09376634302004841,20.81,0.16236653720801936
2021-09-20,434.04,0.1068539534108271,25.71,0.19700158136433082
2021-09-21,433.63,0.10038149935941894,24.36,0.18631259974376757
2021-09-22,437.86,0.10762240470950983,20.87,0.16826896188380394
2021-09-23,443.18,0.11702492359845523,18.63,0.15858996943938208
2021-09-24,443.91,0.11557153952833539,17.75,0.15272861581133415
2021-09-27,442.64,0.11063712974199609,18.76,0.15681485189679845
2021-09-28,433.72,0.12851598945142712,23.25,0.19090639578057086
2021-09-29,434.45,0.1292032118560942,22.56,0.18704128474243767
2021-09-30,429.14,0.13389974680643332,23.14,0.19239989872257332
2021-10-01,434.24,0.14213072700397422,21.15,0.18375229080158967
2021-10-04,428.64,0.14698895192906833,22.96,0.19655558077162733
2021-10-05,433.1,0.15411908878129219,21.3,0.18944763551251687
2021-10-06,434.9,0.1556841169011084,21.0,0.18827364676044336
2021-10-07,438.66,0.15963869787000934,19.54,0.18109547914800372
2021-10-08,437.86,0.15767334198993802,18.77,0.1756893367959752
2021-10-11,434.69,0.15870383900773893,20.0,0.18348153560309557
2021-10-12,433.62,0.15804688412048495,19.85,0.182318753648194
2021-10-13,435.18,0.1551344085768338,18.64,0.17389376343073354
2021-10-14,442.5,0.16792669897778095,16.86,0.16833067959111236
2021-10-15,445.87,0.1634976565601046,16.3,0.16319906262404182
2021-10-18,447.19,0.1502463231373981,16.31,0.15795852925495923
2021-10-19,450.64,0.15150721460257463,15.7,0.15480288584102986
2021-10-20,452.41,0.14893457085206036,15.49,0.15251382834082416
2021-10-21,453.59,0.1438341462636552,15.01,0.14759365850546208
2021-10-22,453.12,0.14402924733367994,15.43,0.15019169893347198
2021-10-25,455.55,0.1440365296557823,15.24,0.14905461186231295
2021-10-26,455.96,0.11895530907846902,15.98,0.1434621236313876
2021-10-27,453.94,0.12147218470032681,16.98,0.15046887388013072
2021-10-28,458.32,0.11126506424527668,16.53,0.14368602569811068
2021-10-29,459.25,0.10664719217070137,16.26,0.14021887686828055
2021-11-01,460.04,0.0891250831578297,16.41,0.13411003326313187
2021-11-02,461.9,0.08546276472888865,16.03,0.13036510589155548
2021-11-03,464.72,0.08601759300000798,15.1,0.1250070372000032
2021-11-04,466.91,0.08392166910834634,15.44,0.12620866764333852
2021-11-05,468.53,0.0818620864938458,16.48,0.13162483459753832
2021-11-08,468.93,0.07237422933143335,17.22,0.13226969173257333
2021-11-09,467.38,0.0733995153081467,17.78,0.1360398061232587
2021-11-10,463.62,0.08456833231719227,18.73,0.1462073329268769
2021-11-11,463.77,0.0682549070138046,17.66,0.13326196280552183
2021-11-12,467.27,0.06818560675617161,16.29,0.12501424270246864
2021-11-15,467.43,0.06850486046625937,16.49,0.12634194418650374
2021-11-16,469.28,0.06577644568141587,16.37,0.12453057827256635
2021-11-17,468.14,0.06720048677547859,17.11,0.12954019471019143
2021-11-18,469.73,0.06739704085899605,17.59,0.13249881634359842
2021-11-19,468.89,0.06786122755267064,17.91,0.13460449102106825
2021-11-22,467.57,0.06824595223566941,19.17,0.14231838089426777
2021-11-23,468.19,0.06822937349154501,19.38,0.143571749396618
2021-11-24,469.44,0.064846725885974,18.58,0.13741869035438958
2021-11-26,458.97,0.10235274246984497,28.97,0.214761096987938
2021-11-29,464.6,0.11092992381953377,22.96,0.18213196952781352
2021-11-30,455.56,0.13195683086067816,27.19,0.21592273234427128
2021-12-01,450.5,0.13601713222924383,31.12,0.24112685289169755
2021-12-02,457.4,0.14601605045681904,27.95,0.2261064201827276
2021-12-03,453.42,0.14709757134170218,30.67,0.2428590285366809
2021-12-06,458.79,0.15360492429446543,27.18,0.22452196971778615
2021-12-07,468.28,0.17156868856116794,21.89,0.1999674754244672
2021-12-08,469.52,0.1713785744730787,19.9,0.18795142978923146
2021-12-09,466.35,0.1706017161200218,21.58,0.19772068644800872
2021-12-10,470.74,0.17361794081864076,18.69,0.1815871763274563
2021-12-13,466.57,0.174898818912607,20.31,0.19181952756504278
2021-12-14,463.36,0.17655300569473328,21.89,0.20196120227789333
2021-12-15,470.6,0.18492622076234497,19.29,0.18971048830493797
2021-12-16,466.45,0.18750041097250217,20.57,0.19842016438900084
2021-12-17,459.87,0.19336795133782722,21.57,0.2067671805351309
2021-12-20,454.98,0.19637076555776348,22.87,0.2157683062231054
2021-12-21,463.06,0.20761758874427422,21.01,0.2091070354977097
2021-12-22,467.69,0.21084627149132587,18.63,0.19611850859653035
2021-12-23,470.6,0.21182274095281745,17.96,0.192489096381127
2021-12-27,477.26,0.19932845877452382,17.68,0.18581138350980952
2021-12-28,476.87,0.19578361315960216,17.54,0.18355344526384088
2021-12-29,477.48,0.17949381548262788,16.95,0.17349752619305114
2021-12-30,476.16,0.17347794601222855,17.33,0.1733711784048914
2021-12-31,474.96,0.16795393056473057,17.22,0.17050157222589224
2022-01-03,477.71,0.16362388706384817,16.6,0.1650495548255393
2022-01-04,477.55,0.1602391054188947,16.91,0.16555564216755786
2022-01-05,468.38,0.16176544446471847,19.73,0.18308617778588737
2022-01-06,467.94,0.1614915362244176,19.61,0.18225661448976704
2022-01-07,466.09,0.16026940005037432,18.76,0.17666776002014972
2022-01-10,465.51,0.1563967221382357,19.4,0.17895868885529426
2022-01-11,469.75,0.15669214531146872,18.41,0.1731368581245875
2022-01-12,471.02,0.15449685108318037,17.62,0.16751874043327217
2022-01-13,464.53,0.1526458113618907,20.31,0.18291832454475626
2022-01-14,464.72,0.1495492432010081,19.19,0.17495969728040325
2022-01-18,456.49,0.15458209876153947,22.79,0.1985728395046158
2022-01-19,451.75,0.15436091552007736,23.85,0.20484436620803095
2022-01-20,446.75,0.1433225291618391,25.59,0.21086901166473565
2022-01-21,437.98,0.14979268399507245,28.85,0.23301707359802898
2022-01-24,439.84,0.14829743348815055,29.9,0.23871897339526021
2022-01-25,434.47,0.13620940483481989,31.16,0.24144376193392794
2022-01-26,433.38,0.13570120308009193,31.96,0.24604048123203676
2022-01-27,431.24,0.13379995322495875,30.49,0.2364599812899835
2022-01-28,441.95,0.17022535486059245,27.66,0.23405014194423698
2022-01-31,449.91,0.18670294620419806,24.83,0.2236611784816792
2022-02-01,452.95,0.18731214020344478,21.96,0.20668485608137793
2022-02-02,457.35,0.192259104314945,22.09,0.209443641725978
2022-02-03,446.6,0.19803128870366687,24.35,0.22531251548146675
2022-02-04,448.7,0.19957744623485402,23.22,0.2191509784939416
2022-02-07,447.26,0.19950261659429863,22.86,0.21696104663771948
2022-02-08,450.94,0.20280160108689152,21.44,0.20976064043475662
2022-02-09,457.54,0.2074821818313901,19.96,0.20275287273255604
2022-02-10,449.32,0.2151650006078261,23.91,0.22952600024313044
2022-02-11,440.46,0.22045710928578724,27.36,0.2523428437143149
2022-02-14,439.02,0.22016448613705947,28.33,0.2580457944548238
2022-02-15,446.1,0.22232220024491225,25.7,0.2431288800979649
2022-02-16,446.6,0.21968875647019595,24.29,0.2336155025880784
2022-02-17,437.06,0.22928687372304699,28.11,0.2603747494892188
2022-02-18,434.23,0.21951930404023115,27.75,0.2543077216160925
2022-02-22,429.57,0.2217508534897075,28.81,0.261560341395883
2022-02-23,421.95,0.22632690114415083,31.02,0.27665076045766035
2022-02-24,428.3,0.23361118650732093,30.32,0.27536447460292834
2022-02-25,437.75,0.2459870444928204,27.59,0.26393481779712813
2022-02-28,436.63,0.2294913514212706,30.15,0.27269654056850823
2022-03-01,429.98,0.22427637190862862,33.32,0.28963054876345146
2022-03-02,437.89,0.2338993028443214,30.74,0.27799972113772853
2022-03-03,435.71,0.2302170053493159,30.48,0.27496680213972635
2022-03-04,432.17,0.21730524233685858,31.98,0.27880209693474345
2022-03-07,419.43,0.23770249894236725,36.45,0.31378099957694694
2022-03-08,416.25,0.23817537874150901,35.13,0.30605015149660364
2022-03-09,427.41,0.25814845960080024,32.45,0.2979593838403201
2022-03-10,425.48,0.25003379569571665,30.23,0.2813935182782867
2022-03-11,420.07,0.24662650848775328,30.75,0.28315060339510134
2022-03-14,417.0,0.23936550979370969,31.77,0.28636620391748385
2022-03-15,426.17,0.2546184689592196,29.83,0.28082738758368786
2022-03-16,435.62,0.26081822960556333,26.67,0.26434729184222533
2022-03-17,441.07,0.26520113770808434,25.67,0.26010045508323376
2022-03-18,444.52,0.2546877273433611,23.87,0.24509509093734444
2022-03-21,444.39,0.2532636837762874,23.53,0.24248547351051497
2022-03-22,449.59,0.2517383338859346,22.94,0.23833533355437386
2022-03-23,443.8,0.24705787177212868,23.57,0.24024314870885147
2022-03-24,450.49,0.2470744180037371,21.67,0.22884976720149486
2022-03-25,452.69,0.2366190399663154,20.81,0.21950761598652613
2022-03-28,455.91,0.2368049246418135,19.63,0.2125019698567254
2022-03-29,461.55,0.22992730500895384,18.9,0.2053709220035815
2022-03-30,458.7,0.22553847552111464,19.33,0.20619539020844585
2022-03-31,451.64,0.2330293150348542,20.56,0.21657172601394165
2022-04-01,452.92,0.23004965173605849,19.63,0.2097998606944234
2022-04-04,456.8,0.19657183684920707,18.57,0.19004873473968284
2022-04-05,451.03,0.2014340025880196,21.03,0.20675360103520785
2022-04-06,446.52,0.1887660277538063,22.1,0.2081064111015225
2022-04-07,448.77,0.18730019544538867,21.55,0.20422007817815546
2022-04-08,447.57,0.17950329276289187,21.16,0.19876131710515674
2022-04-11,439.92,0.1903099253892108,24.37,0.2223439701556843
2022-04-12,438.29,0.17748863424241015,24.26,0.21655545369696405
2022-04-13,443.31,0.16480629406001954,21.82,0.19684251762400784
2022-04-14,437.79,0.16540629097739867,22.7,0.20236251639095948
2022-04-18,437.97,0.1626257391923817,22.17,0.19807029567695267
2022-04-19,445.04,0.17318176087608878,21.37,0.19749270435043553
2022-04-20,444.71,0.16770997432091286,20.32,0.18900398972836513
2022-04-21,438.06,0.1699281026421122,22.68,0.20405124105684488
2022-04-22,426.04,0.18498882700257002,28.21,0.24325553080102802
2022-04-25,428.51,0.18551565001929674,27.02,0.23632626000771867
2022-04-26,416.1,0.20412458377283207,33.52,0.2827698335091329
2022-04-27,417.27,0.19635959440415973,31.6,0.2681438377616639
2022-04-28,427.81,0.22321329425249745,29.99,0.269225317700999
2022-04-29,412.0,0.25113132475602107,33.4,0.3008525299024084
2022-05-02,414.48,0.2526224749538574,32.34,0.295088989981543
2022-05-03,416.38,0.25030916057780356,29.25,0.2756236642311214
2022-05-04,429.06,0.2765603285359819,25.42,0.26314413141439275
2022-05-05,413.81,0.3005535594220937,31.2,0.3074214237688375
2022-05-06,411.34,0.29879935599865703,30.19,0.3006597423994628
2022-05-09,398.17,0.31494391666277294,34.75,0.3344775666651092
2022-05-10,399.09,0.31320452560112483,32.99,0.32322181024044994
2022-05-11,392.75,0.31563567678503235,32.56,0.32161427071401294
2022-05-12,392.34,0.3098524653239214,31.77,0.31456098612956856
2022-05-13,401.72,0.32606776996022635,28.87,0.30364710798409056
2022-05-16,400.09,0.32559692342917096,27.47,0.2950587693716684
2022-05-17,408.32,0.3295756987028602,26.1,0.2884302794811441
2022-05-18,391.86,0.35407695965606856,30.96,0.32739078386242737
2022-05-19,389.46,0.35256893182411686,29.35,0.31712757272964676
2022-05-20,389.63,0.3433923269000329,29.43,0.31393693076001317
2022-05-23,396.92,0.3513348724133854,28.48,0.3114139489653542
2022-05-24,393.89,0.33860523054219493,29.45,0.31214209221687794
2022-05-25,397.37,0.34056867556604414,28.37,0.30644747022641766
2022-05-26,405.31,0.335518762167539,27.5,0.29920750486701564
2022-05-27,415.26,0.3216550318845652,25.72,0.28298201275382606
2022-05-31,412.93,0.32161478034673163,26.19,0.28578591213869264
2022-06-01,409.59,0.32227857150762557,25.69,0.2830514286030502
2022-06-02,417.39,0.31035904736335806,24.72,0.2724636189453432
2022-06-03,410.54,0.2881774641415596,24.79,0.26401098565662384
2022-06-06,411.79,0.2876358916994046,25.07,0.2654743566797618
2022-06-07,415.74,0.262035861457317,24.02,0.2489343445829268
2022-06-08,411.22,0.2661186537717198,23.96,0.2502074615086879
2022-06-09,401.44,0.2745527960210484,26.09,0.26636111840841936
2022-06-10,389.8,0.2951906295338353,27.75,0.28457625181353413
2022-06-13,375.0,0.3106319355792497,34.02,0.3283727742316999
2022-06-14,373.87,0.3106262719922112,32.69,0.32039050879688447
2022-06-15,379.2,0.30506400606761547,29.62,0.2997456024270462
2022-06-16,366.65,0.2938204033847537,32.95,0.3152281613539015
2022-06-17,365.86,0.29365389423516797,31.13,0.30424155769406713
2022-06-21,375.07,0.30993174684002434,30.19,0.30511269873600977
2022-06-22,374.39,0.3004015353728111,28.95,0.29386061414912445
2022-06-23,378.06,0.303105792719321,29.05,0.2955423170877284
2022-06-24,390.08,0.3236174416798473,27.23,0.2928269766719389
2022-06-27,388.59,0.31429518262980255,26.95,0.287418073051921
2022-06-28,380.65,0.30461047953510006,28.36,0.29200419181404
2022-06-29,380.34,0.3048220627210629,28.16,0.2908888250884252
2022-06-30,377.25,0.30482838326217093,28.71,0.29419135330486834
2022-07-01,381.24,0.29784601560243174,27.53,0.2843184062409727
2022-07-05,381.96,0.2951563676289824,27.54,0.28330254705159297
2022-07-06,383.25,0.29525772114598053,26.73,0.2784830884583922
2022-07-07,388.99,0.2989774838784158,26.08,0.27607099355136633
2022-07-08,388.67,0.2977170650637595,24.64,0.26692682602550377
2022-07-11,384.23,0.28902936328780016,26.17,0.2726317453151201
2022-07-12,380.83,0.27205965006083827,27.29,0.2725638600243353
2022-07-13,378.83,0.23410055015116055,26.82,0.2545602200604642
2022-07-14,377.91,0.23399263654572386,26.4,0.2519970546182896
2022-07-15,385.13,0.23824776344146237,24.23,0.24067910537658496
2022-07-18,381.95,0.20420946072284188,25.3,0.23348378428913674
2022-07-19,392.27,0.22125516306045617,24.5,0.23550206522418246
2022-07-20,394.77,0.20682078241868362,23.88,0.22600831296747345
2022-07-21,398.79,0.2078145654448768,23.11,0.22178582617795073
2022-07-22,395.09,0.2107921323229776,23.03,0.22249685292919105
2022-07-25,395.57,0.18060416196494336,23.36,0.21240166478597736
2022-07-26,390.89,0.18549592055820746,24.69,0.22233836822328298
2022-07-27,401.04,0.18891634232798268,23.24,0.21500653693119307
2022-07-28,406.07,0.19158599677036328,22.33,0.2106143987081453
2022-07-29,411.99,0.19051646108080733,21.33,0.2041865844323229
2022-08-01,410.77,0.19078826377500116,22.84,0.21335530551000048
2022-08-02,408.06,0.1942362968544972,23.93,0.22127451874179888
2022-08-03,414.45,0.19903357666268465,21.95,0.21131343066507385
2022-08-04,414.17,0.19530072043415828,21.44,0.20676028817366332
2022-08-05,413.47,0.19555842042745178,21.15,0.2051233681709807
2022-08-08,412.99,0.18865892385811786,21.29,0.20320356954324714
2022-08-09,411.35,0.1851172286158111,21.77,0.20466689144632444
2022-08-10,419.99,0.1910955933735962,19.74,0.1948782373494385
2022-08-11,419.99,0.19000674547718563,20.2,0.19720269819087424
2022-08-12,427.1,0.18811264733589292,19.53,0.19242505893435718
2022-08-15,428.86,0.18137039295150897,19.95,0.19224815718060356
2022-08-16,429.7,0.16404114642295536,19.69,0.18375645856918216
2022-08-17,426.65,0.16898434481663174,19.9,0.1869937379266527
2022-08-18,427.89,0.16737965082116082,19.56,0.1843118603284643
2022-08-19,422.14,0.17225712662740525,20.6,0.19250285065096212
2022-08-22,413.35,0.19274848526404287,23.8,0.21989939410561715
2022-08-23,412.35,0.18638328721676167,24.11,0.21921331488670465
2022-08-24,413.67,0.16557479348232004,22.82,0.20314991739292804
2022-08-25,419.51,0.16701938745828485,21.78,0.19748775498331395
2022-08-26,405.31,0.2033966053495012,25.56,0.23471864213980048
2022-08-29,402.63,0.20432525450409608,26.21,0.23899010180163843
2022-08-30,398.21,0.2065273061806618,26.21,0.2398709224722647
2022-08-31,395.18,0.1977823161334258,25.87,0.23433292645337034
2022-09-01,396.42,0.19867776772808374,25.56,0.2328311070912335
2022-09-02,392.24,0.20088568545947363,25.99,0.23629427418378943
2022-09-06,390.76,0.20084590375666644,26.91,0.2417983615026666
2022-09-07,397.78,0.21358357414892473,24.64,0.2332734296595699
2022-09-08,400.38,0.1991988031992356,23.61,0.22133952127969425
2022-09-09,406.6,0.20893106317380225,22.79,0.2203124252695209
2022-09-12,410.97,0.202838738124577,23.87,0.22435549524983084
2022-09-13,393.1,0.25117259956476884,27.27,0.26408903982590753
2022-09-14,394.6,0.25187465527796005,26.16,0.257709862111184
2022-09-15,390.12,0.25298101187059224,26.27,0.25881240474823686
2022-09-16,385.56,0.25266241714737786,26.3,0.25886496685895116
2022-09-19,388.55,0.25463516594113716,25.76,0.25641406637645486
2022-09-20,384.09,0.2484327579876549,27.16,0.262333103195062
2022-09-21,377.39,0.253215173639192,27.99,0.2692260694556768
2022-09-22,374.22,0.2519320127949578,27.35,0.2648728051179831
2022-09-23,367.95,0.2447578344859887,29.92,0.2774231337943955
2022-09-26,364.31,0.2221542582674795,32.26,0.2824217033069918
2022-09-27,363.38,0.22230888225836481,32.6,0.2845235529033459
2022-09-28,370.53,0.23743505392007752,30.18,0.276054021568031
2022-09-29,362.79,0.24516232517241274,31.84,0.2891049300689651
2022-09-30,357.18,0.24665832930414935,31.62,0.28838333172165975
2022-10-03,366.61,0.26932002113077586,30.1,0.2883280084523103
2022-10-04,377.97,0.2949385224925847,29.07,0.29239540899703387
2022-10-05,377.09,0.28582897675413327,28.55,0.28563159070165334
2022-10-06,373.2,0.2849142389923357,30.52,0.29708569559693426
2022-10-07,362.79,0.2886127449151504,31.36,0.30360509796606017
2022-10-10,360.02,0.28206718858342605,32.45,0.30752687543337043
2022-10-11,357.74,0.2441532723029563,33.63,0.29944130892118254
2022-10-12,356.56,0.24215800296134432,33.57,0.2982832011845377
2022-10-13,365.97,0.26460797909663,31.94,0.297483191638652
2022-10-14,357.63,0.272378799571779,32.02,0.3010715198287116
2022-10-17,366.82,0.2889472105472872,31.37,0.30379888421891493
2022-10-18,371.13,0.29145763604093133,30.5,0.29958305441637256
2022-10-19,368.5,0.2862087728862886,30.76,0.2990435091545155
2022-10-20,365.41,0.2862038852491396,29.98,0.29436155409965586
2022-10-21,374.29,0.29318145234860205,29.69,0.2954125809394408
2022-10-24,378.87,0.29288468460103384,29.85,0.2962538738404135
2022-10-25,384.92,0.29638292465539406,28.46,0.2893131698621576
2022-10-26,382.02,0.2917985145403423,27.28,0.2803994058161369
2022-10-27,379.98,0.28073684960118295,27.39,0.2766347398404732
2022-10-28,389.02,0.2819749572140998,25.75,0.26728998288563993
2022-10-31,386.21,0.27246479062064755,25.88,0.264265916248259
2022-11-01,384.52,0.2524759331323083,25.81,0.2558503732529233
2022-11-02,374.87,0.26909598867719,25.86,0.262798395470876
2022-11-03,371.01,0.2690864963851864,25.3,0.2594345985540746
2022-11-04,376.35,0.2522520031537601,24.55,0.24820080126150404
2022-11-07,379.95,0.2510413914312038,24.35,0.24651655657248153
2022-11-08,382.0,0.24887874757490164,25.54,0.2527914990299607
2022-11-09,374.13,0.2624200030178837,26.09,0.2615080012071535
2022-11-10,394.69,0.3091481095681738,23.53,0.26483924382726953
2022-11-11,398.51,0.2928674144738563,22.52,0.2522669657895425
2022-11-14,395.12,0.2868918258586823,23.73,0.25713673034347295
2022-11-15,398.49,0.28593943068822364,24.54,0.2616157722752894
2022-11-16,395.45,0.28621623014616643,24.11,0.25914649205846657
2022-11-17,394.24,0.2838720962027739,23.93,0.25712883848110957
2022-11-18,396.03,0.27371422985900157,23.12,0.24820569194360065
2022-11-21,394.59,0.27230763245636436,22.36,0.24308305298254573
2022-11-22,399.9,0.270780265645344,21.29,0.2360521062581376
2022-11-23,402.42,0.26880965906523024,20.42,0.2300438636260921
2022-11-25,402.33,0.26740902167237685,20.5,0.22996360866895071
2022-11-28,395.91,0.26375965315429917,22.21,0.2387638612617197
2022-11-29,395.23,0.26222555418592436,21.89,0.23623022167436974
2022-11-30,407.68,0.2816915380945592,20.58,0.23615661523782366
2022-12-01,407.38,0.26166941379483283,19.84,0.22370776551793314
2022-12-02,406.91,0.25689930836853453,19.06,0.2171197233474138
2022-12-05,399.59,0.26633752304349523,20.75,0.23103500921739809
2022-12-06,393.83,0.2721341645588599,22.17,0.24187366582354397
2022-12-07,393.16,0.27205743006698324,22.68,0.24490297202679331
2022-12-08,396.24,0.2596899178792913,22.29,0.2376159671517165
2022-12-09,393.28,0.18001006601431752,22.83,0.208984026405727
2022-12-12,398.95,0.18411525599841339,25.0,0.22364610239936533
2022-12-13,401.97,0.1830017091845434,22.55,0.20850068367381736
2022-12-14,399.4,0.18240360029492694,21.14,0.1998014401179708
2022-12-15,389.63,0.20121092176841715,22.83,0.21746436870736685
2022-12-16,383.27,0.20873767662060558,22.62,0.21921507064824225
2022-12-19,380.02,0.20894952866325783,22.42,0.21809981146530313
2022-12-20,380.54,0.2092039171247354,21.48,0.21256156684989416
2022-12-21,386.23,0.21068318748652018,20.07,0.20469327499460804
2022-12-22,380.72,0.2129951806090277,21.97,0.21701807224361108
2022-12-23,382.91,0.21498190538380357,20.87,0.21121276215352142
2022-12-27,381.4,0.2090239487720263,21.65,0.2135095795088105
2022-12-28,376.66,0.2124023422278432,22.14,0.2178009368911373
2022-12-29,383.44,0.18873815425957488,21.44,0.20413526170382995
2022-12-30,382.43,0.18854756632184005,21.67,0.20543902652873602
2023-01-03,380.82,0.18842895698560216,22.9,0.21277158279424085
2023-01-04,383.76,0.18370551899351292,22.01,0.20554220759740519
2023-01-05,379.38,0.18126253507663773,22.46,0.20726501403065511
2023-01-06,388.08,0.20112277582459337,21.13,0.20722911032983732
2023-01-09,387.86,0.1986357172846594,21.97,0.21127428691386374
2023-01-10,390.58,0.19907213134720533,20.58,0.2031088525388821
2023-01-11,395.52,0.197457085451009,21.09,0.2055228341804036
2023-01-12,396.96,0.1958450767742771,18.83,0.19131803070971085
2023-01-13,398.5,0.19521637588160323,19.49,0.19502655035264127
2023-01-17,397.77,0.17244989687430193,19.36,0.18513995874972078
2023-01-18,391.49,0.17172749762938846,20.34,0.1907309990517554
2023-01-19,388.64,0.17088460699845373,20.52,0.19147384279938148
2023-01-20,395.88,0.18164033035919122,19.85,0.19175613214367648
2023-01-23,400.63,0.17918022563762134,19.81,0.19053209025504853
2023-01-24,400.2,0.16917386485375144,19.2,0.18286954594150057
2023-01-25,400.35,0.16888180710636977,19.08,0.1820327228425479
2023-01-26,404.75,0.1699194628787147,18.73,0.18034778515148586
2023-01-27,405.68,0.15986388455147293,18.51,0.1750055538205892
2023-01-30,400.59,0.16072706562957387,19.94,0.18393082625182955
2023-01-31,406.48,0.16543747503881914,19.4,0.18257499001552763
2023-02-01,410.8,0.1651493837931776,17.87,0.17327975351727104
2023-02-02,416.78,0.1689678531112337,18.73,0.17996714124449348
2023-02-03,412.35,0.16801718262229381,18.33,0.1771868730489175
2023-02-06,409.83,0.15666308899416134,19.43,0.17924523559766453
2023-02-07,415.19,0.1602362382555989,18.66,0.17605449530223954
2023-02-08,410.65,0.16745424658768168,19.63,0.1847616986350727
2023-02-09,407.09,0.16752627642483925,20.71,0.19127051056993571
2023-02-10,408.04,0.16736384818138775,20.53,0.1901255392725551
2023-02-13,412.83,0.17115265298244853,20.34,0.1905010611929794
2023-02-14,412.64,0.17083868879571912,18.91,0.18179547551828765
2023-02-15,413.98,0.15744994897053252,18.23,0.17235997958821303
2023-02-16,408.28,0.16458809309530295,20.17,0.1868552372381212
2023-02-17,407.26,0.15405453682948594,21.23,0.18900181473179437
2023-02-21,399.09,0.16677987392098115,22.87,0.20393194956839247
2023-02-22,398.54,0.16680478109632532,22.29,0.20046191243853012
2023-02-23,400.66,0.16794743985317054,21.14,0.1940189759412682
2023-02-24,396.38,0.1669203160523051,21.67,0.19678812642092203
2023-02-27,397.73,0.167259287676028,20.95,0.19260371507041119
2023-02-28,396.26,0.16193986429064702,20.7,0.1889759457162588
2023-03-01,394.74,0.1519980857974532,20.58,0.18427923431898124
2023-03-02,397.81,0.14933873448508522,19.59,0.17727549379403407
2023-03-03,404.19,0.1514931099041032,18.49,0.17153724396164127
2023-03-06,404.47,0.1477127049235153,18.61,0.17074508196940613
2023-03-07,398.27,0.15552979170840764,19.59,0.17975191668336304
2023-03-08,398.92,0.14652168689170833,19.11,0.1732686747566833
2023-03-09,391.56,0.1549893808704357,22.61,0.19765575234817429
2023-03-10,385.91,0.1594604993000875,24.8,0.212584199720035
2023-03-13,385.36,0.15845174951529042,26.52,0.22250069980611614
2023-03-14,391.73,0.1649515055103739,23.73,0.2083606022041496
2023-03-15,389.28,0.16523110940713998,26.14,0.22293244376285598
2023-03-16,396.11,0.1792630421219116,22.99,0.20964521684876464
2023-03-17,389.99,0.18083038729431117,25.51,0.22539215491772446
2023-03-20,393.74,0.18565671317068996,24.15,0.21916268526827598
2023-03-21,398.91,0.17898178701897385,21.38,0.1998727148075895
2023-03-22,392.11,0.1890891600282158,22.26,0.20919566401128634
2023-03-23,393.17,0.1881949819866211,22.61,0.21093799279464845
2023-03-24,395.75,0.18625090746395287,21.74,0.2049403629855811
2023-03-27,396.49,0.18595046064159026,20.6,0.1979801842566361
2023-03-28,395.6,0.18565378092663312,19.97,0.19408151237065324
2023-03-29,401.35,0.19196927571630215,19.12,0.19150771028652086
2023-03-30,403.7,0.19117493836051275,19.02,0.1905899753442051
2023-03-31,409.39,0.18927071825678768,18.7,0.18790828730271508
2023-04-03,410.95,0.18960416135213481,18.55,0.18714166454085393
2023-04-04,408.67,0.18144490347258863,19.0,0.18657796138903543
2023-04-05,407.6,0.18196576405010675,19.08,0.18726630562004268
2023-04-06,409.19,0.1665357040824677,18.4,0.1770142816329871
2023-04-10,409.61,0.1545209254508419,18.97,0.17562837018033672
2023-04-11,409.72,0.15399617074963662,19.1,0.17619846829985464
2023-04-12,408.05,0.1475053537309033,19.09,0.1735421414923613
2023-04-13,413.47,0.14912984840465907,17.8,0.16645193936186364
2023-04-14,412.46,0.1401141110118111,17.07,0.15846564440472444
2023-04-17,413.94,0.1237567218970396,16.95,0.15120268875881582
2023-04-18,414.21,0.12148631692506866,16.83,0.14957452677002744
2023-04-19,414.14,0.11521604408094911,16.46,0.14484641763237965
2023-04-20,411.88,0.09527594997710451,17.17,0.14113037999084183
2023-04-21,412.2,0.09545601297933272,16.77,0.1388024051917331
2023-04-24,412.63,0.09425232467323666,16.89,0.13904092986929467
2023-04-25,406.08,0.1140667921835883,18.76,0.15818671687343533
2023-04-26,404.36,0.11508206211515067,18.84,0.15907282484606028
2023-04-27,412.41,0.12435397939195991,17.03,0.151921591756784
2023-04-28,415.93,0.1259732158082137,15.78,0.14506928632328547
2023-05-01,415.51,0.11717204812099892,16.08,0.14334881924839954
2023-05-02,410.84,0.12400735729220735,17.78,0.15628294291688294
2023-05-03,408.02,0.12487935896470324,18.34,0.1599917435858813
2023-05-04,405.13,0.12708663270551449,20.09,0.17137465308220579
2023-05-05,412.63,0.14279615144508376,17.19,0.1602584605780335
2023-05-08,412.74,0.1427787566437339,16.98,0.15899150265749357
2023-05-09,410.93,0.14378340379383264,17.71,0.16377336151753308
2023-05-10,412.85,0.14372086313086707,16.94,0.15912834525234684
2023-05-11,412.13,0.13590620505731857,16.93,0.15594248202292743
2023-05-12,411.59,0.13571290664101715,17.03,0.15646516265640686
2023-05-15,413.01,0.1356641533063496,17.12,0.15698566132253985
2023-05-16,410.25,0.13761382991700555,17.99,0.1629855319668022
2023-05-17,415.23,0.1446537856701934,16.87,0.15908151426807737
2023-05-18,419.23,0.14677786022786826,16.05,0.1550111440911473
2023-05-19,418.62,0.14701338220302562,16.81,0.15966535288121025
2023-05-22,418.79,0.14701524903670785,17.21,0.16206609961468316
2023-05-23,414.09,0.14071136463220926,18.53,0.16746454585288373
2023-05-24,411.09,0.1425983400841225,20.03,0.177219336033649
2023-05-25,414.65,0.12778040483881162,19.14,0.16595216193552464
2023-05-26,420.02,0.13236988377211353,17.46,0.15770795350884542
2023-05-30,420.18,0.13225291622972407,17.46,0.15766116649188963
2023-05-31,417.85,0.12688395010630474,17.94,0.1583935800425219
2023-06-01,421.82,0.12693472836538205,15.65,0.14467389134615283
2023-06-02,427.92,0.130091465247593,14.6,0.1396365860990372
2023-06-05,427.1,0.11708249369896902,14.73,0.1352129974795876
2023-06-06,428.03,0.11696347206031005,13.96,0.13054538882412403
2023-06-07,426.55,0.11635240057089069,13.94,0.13018096022835626
2023-06-08,429.13,0.11688892209844103,13.65,0.1286555688393764
2023-06-09,429.9,0.11608375267783957,13.83,0.12941350107113583
2023-06-12,433.8,0.11783203424435522,15.01,0.13719281369774208
2023-06-13,436.66,0.11863945278556395,14.61,0.1351157811142256
2023-06-14,437.18,0.11346098280573111,13.88,0.12866439312229244
2023-06-15,442.6,0.11372978390958143,14.5,0.13249191356383255
2023-06-16,439.46,0.1166922991492702,14.19,0.13181691965970807
2023-06-20,437.18,0.11904896284667216,13.88,0.13089958513866887
2023-06-21,434.94,0.12173334759386187,13.2,0.12789333903754474
2023-06-22,436.51,0.11138890823791546,12.91,0.12201556329516618
2023-06-23,433.21,0.11176853354463295,13.44,0.12534741341785316
2023-06-26,431.44,0.11182641341817516,14.25,0.13023056536727007
2023-06-27,436.17,0.10948423516127466,13.74,0.12623369406450985
2023-06-28,436.39,0.1094626014703575,13.43,0.124365040588143
2023-06-29,438.11,0.10602234005318548,13.54,0.12364893602127419
2023-06-30,443.28,0.10832288212538038,13.59,0.12486915285015214
2023-07-03,443.79,0.09884789326384374,13.58,0.1210191573055375
2023-07-05,443.13,0.09864384453879874,14.18,0.1245375378155195
2023-07-06,439.66,0.10445681912313369,15.44,0.13442272764925345
2023-07-07,438.55,0.10393750386171403,14.83,0.1305550015446856
2023-07-10,439.66,0.1025972440488108,15.07,0.13145889761952434
2023-07-11,442.46,0.10420105301251671,14.84,0.13072042120500668
2023-07-12,446.02,0.10327662432946853,13.54,0.1225506497317874
2023-07-13,449.56,0.1042684495708067,13.61,0.12336737982832269
2023-07-14,449.28,0.10452801840786344,13.34,0.12185120736314536
2023-07-17,450.84,0.09664640578239661,13.48,0.11953856231295865
2023-07-18,454.19,0.09433947784096139,13.3,0.11753579113638456
2023-07-19,455.2,0.09080409425919117,13.76,0.11888163770367646
2023-07-20,452.18,0.09253627107785745,13.99,0.12095450843114297
2023-07-21,452.18,0.09256308875565131,13.6,0.11862523550226053
2023-07-24,454.2,0.0860692561855485,13.91,0.1178877024742194
2023-07-25,455.44,0.08261547287527161,13.86,0.11620618915010864
2023-07-26,455.51,0.07709737154264651,13.19,0.10997894861705859
2023-07-27,452.49,0.08309842159305744,14.41,0.11969936863722297
2023-07-28,456.92,0.08750736145331525,13.33,0.1149829445813261
2023-07-31,457.79,0.07977524971017552,13.63,0.11369009988407022
2023-08-01,456.48,0.08134076485098499,13.93,0.11611630594039399
2023-08-02,450.13,0.09774395390148126,16.09,0.1356375815605925
2023-08-03,448.84,0.09339774119562987,15.92,0.13287909647825197
2023-08-04,446.81,0.09467424048758473,17.1,0.1404696961950339
2023-08-07,450.71,0.09850120591829124,15.77,0.1340204823673165
2023-08-08,448.75,0.09847000978937488,15.99,0.13532800391574995
2023-08-09,445.75,0.09784288666286264,15.96,0.13489715466514507
2023-08-10,445.91,0.09328556221352058,15.85,0.13241422488540824
2023-08-11,445.65,0.09328445077217024,14.84,0.1263537803088681
2023-08-14,448.11,0.09467699912863156,14.82,0.12679079965145262
2023-08-15,442.89,0.09829206497798812,16.46,0.13807682599119525
2023-08-16,439.64,0.0996698916315184,16.78,0.1405479566526074
2023-08-17,436.29,0.10037910163801289,17.89,0.14749164065520515
2023-08-18,436.5,0.10050728234191869,17.3,0.14400291293676748
2023-08-21,439.34,0.10241205115495301,17.13,0.1437448204619812
2023-08-22,438.15,0.10113185765923205,16.97,0.1422727430636928
2023-08-23,443.03,0.11106773372237667,15.98,0.14030709348895065
2023-08-24,436.89,0.11843960000414999,17.2,0.15057584000166
2023-08-25,439.97,0.11529188184127509,15.68,0.14019675273651003
2023-08-28,442.76,0.11824896582790764,15.08,0.13777958633116305
2023-08-29,449.16,0.13103932059413526,14.45,0.13911572823765408
2023-08-30,451.01,0.12232512480395089,13.88,0.13221004992158036
2023-08-31,450.35,0.12197412059806849,13.57,0.1302096482392274
2023-09-01,451.19,0.12081216964630438,13.82,0.13124486785852174
2023-09-05,449.24,0.11789270387854262,14.01,0.13121708155141704
2023-09-06,446.22,0.11931508196994749,14.45,0.134426032787979
2023-09-07,444.85,0.11740203069577071,14.4,0.1333608122783083
2023-09-08,445.52,0.11753199929238639,13.84,0.13005279971695455
2023-09-11,448.45,0.11980673075609104,13.8,0.1307226923024364
2023-09-12,445.99,0.11985050431896413,14.23,0.13332020172758566
2023-09-13,446.51,0.11194709912403955,13.48,0.12565883964961583
2023-09-14,450.36,0.11157672408064655,12.82,0.12155068963225862
2023-09-15,443.37,0.12301134155770403,13.79,0.13194453662308162
2023-09-18,443.63,0.1230082412389997,14.0,0.1332032964955999
2023-09-19,442.71,0.1215143346046761,14.11,0.13326573384187046
2023-09-20,438.64,0.12584684245834563,15.14,0.14117873698333827
2023-09-21,431.39,0.1320042968005006,17.54,0.15804171872020023
2023-09-22,430.42,0.12341614734735032,17.2,0.1525664589389401
2023-09-25,432.23,0.12144652529989622,16.9,0.14997861011995847
2023-09-26,425.88,0.12779465136971288,18.94,0.16475786054788516
2023-09-27,426.05,0.11293146438581314,18.22,0.15449258575432526
2023-09-28,428.52,0.11440200295224989,17.34,0.14980080118089995
2023-09-29,427.48,0.11433095481070898,17.52,0.15085238192428357
2023-10-02,427.31,0.11343681606135174,17.61,0.1510347264245407
2023-10-03,421.59,0.11963628319972278,19.78,0.1665345132798891
2023-10-04,424.66,0.12432710665404799,18.58,0.1612108426616192
2023-10-05,424.5,0.12452348713537893,18.49,0.16074939485415157
2023-10-06,429.54,0.13376449157593187,17.45,0.15820579663037274
2023-10-09,432.29,0.13362184070011957,17.7,0.15964873628004783
2023-10-10,434.54,0.13511317218358995,17.03,0.156225268873436
2023-10-11,436.32,0.13621437323770402,16.09,0.1510257492950816
2023-10-12,433.66,0.1322091593956664,16.69,0.15302366375826656
2023-10-13,431.5,0.12256863334747653,19.32,0.1649474533389906
2023-10-16,436.04,0.12946940723661063,17.21,0.15504776289464425
2023-10-17,436.02,0.1294176509788999,17.88,0.15904706039155994
2023-10-18,430.21,0.13382200309796558,19.22,0.16884880123918622
2023-10-19,426.43,0.12417021538200351,21.4,0.1780680861528014
2023-10-20,421.19,0.1309796751993545,21.71,0.18265187007974182
2023-10-23,420.46,0.1294919851706557,20.37,0.1740167940682623
2023-10-24,423.63,0.12287411523306142,18.97,0.16296964609322456
2023-10-25,417.55,0.1327288783867797,20.19,0.17423155135471188
2023-10-26,412.55,0.1356883368388055,20.68,0.17835533473552218
2023-10-27,410.68,0.1360049646937002,21.27,0.18202198587748006
2023-10-30,415.59,0.14464361163041645,19.75,0.17635744465216657
2023-10-31,418.2,0.13965139238882365,18.14,0.1647005569555295
2023-11-01,422.66,0.14256689885408785,16.87,0.15824675954163514
2023-11-02,430.76,0.15803652727612555,15.66,0.1571746109104502
2023-11-03,434.69,0.15578766209813907,14.91,0.15177506483925562
2023-11-06,435.69,0.1544446517672056,14.89,0.15111786070688224
2023-11-07,436.93,0.15369966363882556,14.81,0.15033986545553024
2023-11-08,437.25,0.15305554120938905,14.45,0.14792221648375561
2023-11-09,433.84,0.15409714038752886,15.29,0.15337885615501154
2023-11-10,440.61,0.16219098277681954,14.17,0.14989639311072783
2023-11-13,440.19,0.15841402731172916,14.76,0.15192561092469165
2023-11-14,448.73,0.1717670172596062,14.16,0.1536668069038425
2023-11-15,449.68,0.16255686659150934,14.18,0.15010274663660372
2023-11-16,450.23,0.15733641742043464,14.32,0.14885456696817384
2023-11-17,450.79,0.1471214065256345,13.8,0.1416485626102538
2023-11-20,454.26,0.14655727346726372,13.41,0.13908290938690548
2023-11-21,453.27,0.14739611746571024,13.35,0.1390584469862841
2023-11-22,455.02,0.13147708701940783,12.8,0.12939083480776314
2023-11-24,455.3,0.1175451189959319,12.48,0.12189804759837276
2023-11-27,454.48,0.114990639571298,12.69,0.1221362558285192
2023-11-28,454.93,0.1129074859533911,12.69,0.12130299438135643
2023-11-29,454.61,0.11418436650189438,12.98,0.12355374660075774
2023-11-30,456.4,0.1116252112237433,12.92,0.12217008448949733
2023-12-01,459.1,0.09675478354853782,12.63,0.11448191341941513
2023-12-04,456.69,0.09854308320203581,13.08,0.11789723328081432
2023-12-05,456.6,0.0989973244128837,12.85,0.11669892976515348
2023-12-06,454.76,0.101518256523605,12.97,0.11842730260944201
2023-12-07,458.23,0.10329335619086072,13.06,0.11967734247634429
2023-12-08,460.2,0.0961762663449661,12.35,0.11257050653798645
2023-12-11,461.99,0.08419106713107655,12.63,0.10945642685243062
2023-12-12,464.1,0.08357650311015251,12.07,0.10585060124406101
2023-12-13,470.5,0.07030615901695894,12.19,0.10126246360678358
2023-12-14,472.01,0.07036030304216093,12.48,0.10302412121686437
2023-12-15,469.33,0.07598436454068826,12.28,0.10407374581627529
2023-12-18,471.97,0.0769233194978902,12.56,0.1061293277991561
2023-12-19,474.84,0.0756363650486744,12.53,0.10543454601946975
2023-12-20,468.26,0.0940225945697454,13.67,0.11962903782789816
2023-12-21,472.7,0.0977901343508156,13.65,0.12101605374032624
2023-12-22,473.65,0.09767119700855428,13.03,0.11724847880342171
2023-12-26,475.65,0.09691624669737106,12.99,0.11670649867894844
2023-12-27,476.51,0.09681573009183016,12.43,0.11330629203673206
2023-12-28,476.69,0.09644359856146055,12.47,0.11339743942458422
2023-12-29,475.31,0.09801355069243559,12.45,0.11390542027697424
2024-01-02,472.65,0.10047318284516059,13.2,0.11938927313806424
2024-01-03,468.79,0.10357077459709797,14.04,0.1256683098388392
2024-01-04,467.28,0.10470634770541709,14.13,0.12666253908216685
2024-01-05,467.92,0.10289231749041897,13.35,0.1212569269961676
2024-01-08,474.6,0.11049008243175229,13.08,0.12267603297270091
2024-01-09,473.88,0.11064614149613587,12.76,0.12081845659845433
2024-01-10,476.56,0.11132915720049233,12.69,0.12067166288019693
2024-01-11,476.35,0.11095316843112261,12.44,0.11902126737244904
2024-01-12,476.68,0.10082797289616764,13.25,0.11983118915846706
2024-01-16,474.93,0.10147526896612452,13.84,0.1236301075864498
2024-01-17,472.29,0.10138212643839521,14.79,0.12929285057535808
2024-01-18,476.49,0.1042431015535111,14.13,0.12647724062140445
2024-01-19,482.43,0.11094318754384035,13.3,0.12417727501753614
2024-01-22,483.45,0.09631127050618853,13.19,0.1176645082024754
2024-01-23,484.86,0.09195192968654646,12.55,0.11208077187461857
2024-01-24,485.39,0.09191191840775793,13.14,0.11560476736310318
2024-01-25,488.03,0.09253248233546076,13.45,0.11771299293418427
2024-01-26,487.41,0.0929463066118045,13.26,0.11673852264472179
2024-01-29,491.27,0.09591510534530934,13.6,0.11996604213812374
2024-01-30,490.89,0.09491179372640833,13.31,0.11782471749056334
2024-01-31,482.88,0.11209893014170136,14.35,0.13093957205668055
2024-02-01,489.2,0.11409010834604205,13.88,0.12891604333841683
2024-02-02,494.35,0.11590662991419037,13.85,0.12946265196567613
2024-02-05,492.55,0.11808465624652413,13.67,0.12925386249860965
2024-02-06,493.98,0.10987883026400462,13.06,0.12231153210560185
2024-02-07,498.1,0.11123074628516023,12.83,0.12147229851406409
2024-02-08,498.32,0.11080962732860113,12.79,0.12106385093144044
2024-02-09,501.2,0.11101250973475614,12.93,0.12198500389390246
2024-02-12,500.98,0.1113348285858889,13.93,0.12811393143435557
2024-02-13,494.08,0.12397680747831599,15.85,0.1446907229913264
2024-02-14,498.57,0.12302551407366587,14.38,0.13549020562946634
2024-02-15,502.01,0.12191044778352288,14.01,0.13282417911340916
2024-02-16,499.51,0.11899324961872929,14.71,0.13585729984749173
2024-02-20,496.76,0.12172931497559357,15.42,0.14121172599023743
2024-02-21,497.21,0.12159781126595591,15.34,0.14067912450638237
2024-02-22,507.5,0.13942450512402102,14.54,0.1430098020496084
2024-02-23,507.85,0.1389968749841967,13.75,0.1380987499936787
2024-02-26,505.99,0.14000022325158726,13.74,0.1384400893006349
2024-02-27,506.93,0.13818700038435883,13.43,0.13585480015374352
2024-02-28,506.26,0.13832405162933098,13.84,0.1383696206517324
2024-02-29,508.08,0.12094902366393753,13.4,0.128779609465575
2024-03-01,512.85,0.11739757915819177,13.11,0.1256190316632767
2024-03-04,512.3,0.11391856206938844,13.49,0.12650742482775537
2024-03-05,507.18,0.12006056386538422,14.46,0.13478422554615369
2024-03-06,509.75,0.12064473342820871,14.5,0.13525789337128347
2024-03-07,514.81,0.12193047887860757,14.44,0.13541219155144302
2024-03-08,511.72,0.12490106374056688,14.74,0.13840042549622678
2024-03-11,511.28,0.12399042739664443,15.22,0.14091617095865777
2024-03-12,516.78,0.1285032005163585,13.84,0.1344412802065434
2024-03-13,515.97,0.11570547193363398,13.75,0.1287821887734536
2024-03-14,514.95,0.11361139574614372,14.4,0.13184455829845748
2024-03-15,509.83,0.11890884286542482,14.41,0.13402353714616994
2024-03-18,512.86,0.11820133778255831,14.33,0.13326053511302333
2024-03-19,515.71,0.11621753437340382,13.82,0.12940701374936153
2024-03-20,520.48,0.11900425740651736,13.04,0.12584170296260694
2024-03-21,522.2,0.0979171881396938,12.92,0.11668687525587754
2024-03-22,521.21,0.09860410275471214,13.06,0.11780164110188486
2024-03-25,519.77,0.0980515056688706,13.19,0.11836060226754823
2024-03-26,518.81,0.09867452201143198,13.24,0.11890980880457279
2024-03-27,523.17,0.10140176558274391,12.78,0.11724070623309757
2024-03-28,523.07,0.10132739373276821,13.01,0.11859095749310727
2024-04-01,522.16,0.09744403136217637,13.65,0.12087761254487056
2024-04-02,518.84,0.10063604416934059,14.61,0.12791441766773626
2024-04-03,519.41,0.09238873837515008,14.33,0.12293549535006004
2024-04-04,513.07,0.10269312026931525,16.35,0.1391772481077261
2024-04-05,518.43,0.10334303988292991,16.03,0.13751721595317196
2024-04-08,518.72,0.10056523091151481,15.19,0.13136609236460592
2024-04-09,519.32,0.10041039413365739,14.98,0.13004415765346294
2024-04-10,514.12,0.1002536839896652,15.8,0.13490147359586607
2024-04-11,518.0,0.10380437253070994,14.91,0.130981749012284
2024-04-12,510.85,0.11512408503999333,17.31,0.14990963401599733
2024-04-15,504.45,0.11834302047674577,19.23,0.1627172081906983
2024-04-16,503.53,0.11590800216462323,18.4,0.1567632008658493
2024-04-17,500.55,0.11457668081619334,18.21,0.15509067232647733
2024-04-18,499.52,0.10737679853245845,18.0,0.15095071941298338
2024-04-19,495.16,0.10793707744635703,18.71,0.15543483097854283
2024-04-22,499.72,0.11582872908942743,16.94,0.14797149163577097
2024-04-23,505.65,0.1258299250374384,15.69,0.14447197001497536
2024-04-24,505.41,0.12585613779136373,15.97,0.1461624551165455
2024-04-25,503.49,0.12075663304760145,15.37,0.1405226532190406
2024-04-26,508.26,0.12723516937076634,15.03,0.14107406774830655
2024-04-29,510.06,0.12844017975602878,14.67,0.13939607190241152
2024-04-30,501.98,0.13776761671842813,15.65,0.14900704668737125
2024-05-01,500.35,0.13748113106452872,15.39,0.1473324524258115
2024-05-02,505.03,0.13715551545867896,14.68,0.1429422061834716
2024-05-03,511.29,0.1393908727396139,13.49,0.13669634909584555
2024-05-06,516.57,0.1447125582867807,13.49,0.13882502331471228
2024-05-07,517.14,0.1447060320191935,13.23,0.1372624128076774
2024-05-08,517.19,0.13994627079893807,13.0,0.13397850831957522
2024-05-09,520.17,0.13887021473795205,12.69,0.1316880858951808
2024-05-10,520.84,0.12848141308958455,12.55,0.12669256523583383
2024-05-13,520.91,0.11817219142352815,13.6,0.12886887656941126
2024-05-14,523.3,0.11789201163245404,13.42,0.12767680465298162
2024-05-15,529.78,0.11953052744806886,12.45,0.12251221097922754
2024-05-16,528.69,0.11953037569639655,12.42,0.12233215027855862
2024-05-17,529.45,0.11161748273283216,11.99,0.11658699309313286
2024-05-20,530.06,0.10968465038006393,12.15,0.11677386015202557
2024-05-21,531.36,0.10458172829548532,11.86,0.11299269131819413
2024-05-22,529.83,0.10582641785641855,12.29,0.11607056714256742
2024-05-23,525.96,0.10923493523323191,12.77,0.12031397409329278
2024-05-24,529.44,0.1071851598535548,12.36,0.1170340639414219
2024-05-28,529.81,0.10713372408707152,12.92,0.1203734896348286
2024-05-29,526.1,0.09081421983365069,14.28,0.12200568793346027
2024-05-30,522.61,0.09433261757108094,14.47,0.12455304702843237
2024-05-31,527.37,0.09409245437834188,12.92,0.11515698175133676
2024-06-03,527.8,0.08615131900951165,13.11,0.11312052760380464
2024-06-04,528.39,0.07980606245594175,13.16,0.11088242498237669
2024-06-05,534.67,0.0883562621174486,12.63,0.11112250484697944
2024-06-06,534.66,0.08838440198705474,12.58,0.11083376079482189
2024-06-07,534.01,0.08756841443326846,12.22,0.10834736577330739
2024-06-10,535.66,0.08779366003996111,12.74,0.11155746401598446
2024-06-11,536.95,0.08772853958067926,12.85,0.11219141583227171
2024-06-12,541.36,0.090289805037306,12.04,0.1083559220149224
2024-06-13,542.45,0.08117935724971331,11.94,0.10411174289988531
2024-06-14,542.78,0.08031431879890072,12.66,0.10808572751956028
2024-06-17,547.1,0.08367899501267637,12.75,0.10997159800507054
2024-06-18,548.49,0.08371636880876827,12.48,0.10836654752350731
2024-06-20,547.0,0.08510948345573054,13.28,0.11372379338229222
2024-06-21,544.51,0.08644166244321108,13.2,0.11377666497728445
2024-06-24,542.74,0.08210492696379854,13.33,0.11282197078551942
2024-06-25,544.83,0.08043574323686398,12.84,0.10921429729474558
2024-06-26,545.51,0.08039289487845683,12.55,0.10745715795138272
2024-06-27,546.37,0.07388316498583224,12.24,0.1029932659943329
2024-06-28,544.22,0.07025978535080298,12.44,0.10274391414032119
2024-07-01,545.34,0.06516381391930916,12.22,0.09938552556772366
2024-07-02,549.01,0.06744849399684082,12.03,0.09915939759873632
2024-07-03,551.46,0.06792663608752544,12.09,0.09971065443501018
2024-07-05,554.64,0.05933313394023035,12.48,0.09861325357609214
2024-07-08,555.28,0.058992770852115815,12.37,0.09781710834084632
2024-07-09,555.82,0.05796582010607762,12.51,0.09824632804243104
2024-07-10,561.32,0.06426853988871442,12.85,0.10280741595548577
2024-07-11,556.48,0.07519232817964056,12.92,0.10759693127185622
2024-07-12,559.99,0.07333588372829215,12.46,0.10409435349131685
2024-07-15,561.53,0.0734247086076912,13.12,0.10808988344307646
2024-07-16,564.86,0.07475354167225826,13.19,0.1090414166689033
2024-07-17,556.94,0.09078924603203352,14.48,0.12319569841281341
2024-07-18,552.66,0.0954951265012042,15.93,0.13377805060048167
2024-07-19,548.99,0.0981797049361673,16.52,0.13839188197446692
2024-07-22,554.65,0.10267192749162103,14.91,0.13052877099664842
2024-07-23,553.78,0.10193358999550405,14.72,0.1290934359982016
2024-07-24,541.23,0.13192313659575525,18.04,0.1610092546383021
2024-07-25,538.41,0.13289227733083417,18.46,0.16391691093233368
2024-07-26,544.44,0.1392053926862237,16.39,0.1540221570744895
2024-07-29,544.76,0.13850698581750423,16.6,0.1550027943270017
2024-07-30,542.0,0.13944867881359968,17.69,0.16191947152543987
2024-07-31,550.81,0.1493832665123028,16.36,0.15791330660492112
2024-08-01,543.01,0.15684145658182028,18.59,0.1742765826327281
2024-08-02,532.9,0.16716247369595696,23.39,0.20720498947838278
2024-08-05,517.38,0.19302303148009733,38.57,0.3086292125920389
2024-08-06,522.15,0.19770464595468812,27.71,0.24534185838187525
2024-08-07,518.66,0.1919480491734572,27.85,0.2438792196693829
2024-08-08,530.65,0.21312451421093426,23.79,0.22798980568437371
2024-08-09,532.99,0.21221006577545384,20.37,0.20710402631018154
2024-08-12,533.27,0.21163150811062167,20.71,0.20891260324424865
2024-08-13,542.04,0.22021299756961926,18.12,0.1968051990278477
2024-08-14,543.75,0.2161658204162753,16.19,0.18360632816651012
2024-08-15,553.07,0.22394130499753526,15.23,0.1809565219990141
2024-08-16,554.31,0.22263453109349848,14.8,0.1778538124373994
2024-08-19,559.61,0.2222181539668028,14.65,0.17678726158672112
2024-08-20,558.7,0.22222518337083835,15.88,0.18417007334833535
2024-08-21,560.62,0.20445285399207377,16.27,0.17940114159682952
2024-08-22,556.22,0.20586830120053876,17.55,0.1876473204802155
2024-08-23,562.13,0.20552979490415335,15.86,0.17737191796166135
2024-08-26,560.79,0.20599449914146864,16.15,0.17929779965658743
2024-08-27,561.56,0.20455015480831842,15.43,0.17440006192332735
2024-08-28,558.3,0.19888370411496306,17.11,0.18221348164598522
2024-08-29,558.35,0.1909536267820416,15.65,0.17028145071281664
2024-08-30,563.68,0.1771987094897765,15.55,0.1641794837959106
2024-09-03,552.08,0.157620850450773,20.72,0.18736834018030918
2024-09-04,550.95,0.157053916284148,21.32,0.1907415665136592
2024-09-05,549.61,0.15437559459778097,19.9,0.18115023783911238
2024-09-06,540.36,0.15078180910151542,22.38,0.19459272364060615
2024-09-09,546.41,0.15469499698122374,19.45,0.1785779987924895
2024-09-10,548.79,0.15505391573956193,19.08,0.17650156629582475
2024-09-11,554.42,0.1486672508080044,17.69,0.16560690032320174
2024-09-12,559.09,0.1507595460538276,17.07,0.16272381842153105
2024-09-13,562.01,0.14000114473629435,16.56,0.15536045789451775
2024-09-16,562.84,0.13992334155509362,17.14,0.15880933662203744
2024-09-17,563.07,0.13604843815329418,17.61,0.16007937526131769
2024-09-18,561.4,0.1363849205337932,18.23,0.1639339682135173
2024-09-19,570.98,0.14844226468216046,16.33,0.15735690587286416
2024-09-20,568.25,0.14640708852820908,16.15,0.1554628354112836
2024-09-23,569.67,0.14220386030969295,15.89,0.1522215441238772
2024-09-24,571.3,0.1419287223749942,15.39,0.1491114889499977
2024-09-25,570.04,0.14234856946120067,15.41,0.1493994277844803
2024-09-26,572.3,0.1405822393280729,15.37,0.14845289573122916
2024-09-27,571.47,0.14085538274807596,16.96,0.1581021530992304
2024-09-30,573.76,0.13785713052974602,16.73,0.1555228522118984
2024-10-01,568.62,0.11821319491245078,19.26,0.16284527796498033
2024-10-02,568.86,0.11755957375191732,18.9,0.1604238295007669
2024-10-03,567.82,0.1173034279647062,20.49,0.16986137118588246
2024-10-04,572.98,0.09721420047262935,19.21,0.15414568018905175
2024-10-07,567.8,0.10099942775008365,22.64,0.17623977110003347
2024-10-08,573.17,0.10416558365122318,21.42,0.1701862334604893
2024-10-09,577.14,0.10140971343335477,20.86,0.1657238853733419
2024-10-10,576.13,0.09931458979678393,20.93,0.16530583591871356
2024-10-11,579.58,0.09972742690442582,20.46,0.16265097076177032
2024-10-14,584.32,0.10244403692953871,19.7,0.15917761477181547
2024-10-15,579.78,0.1079934611582115,20.64,0.1670373844632846
2024-10-16,582.3,0.10712705496125878,19.58,0.1603308219845035
2024-10-17,582.35,0.0911438674978604,19.11,0.15111754699914415
2024-10-18,584.59,0.0890105783772199,18.03,0.14378423135088797
2024-10-21,583.63,0.08955651789654877,18.37,0.1460426071586195
2024-10-22,583.32,0.0895378605690471,18.2,0.14501514422761883
2024-10-23,577.99,0.09607405142894508,19.24,0.15386962057157802
2024-10-24,579.24,0.0954742471773959,19.08,0.15266969887095833
2024-10-25,579.04,0.09523908636406545,20.33,0.16007563454562615
2024-10-28,580.83,0.09486880528667353,19.8,0.1567475221146694
2024-10-29,581.77,0.08782690791887228,19.34,0.1511707631675489
2024-10-30,580.01,0.08904901765298714,20.35,0.15771960706119487
2024-10-31,568.64,0.11546573780722452,23.16,0.18514629512288983
2024-11-01,571.04,0.1116957926531928,21.88,0.1759583170612771
2024-11-04,569.81,0.1069723697507336,21.98,0.17466894790029344
2024-11-05,576.7,0.1103049648343569,20.49,0.16706198593374275
2024-11-06,591.04,0.13851314119614197,16.27,0.15302525647845677
2024-11-07,595.61,0.13990846890554956,15.2,0.1471633875622198
2024-11-08,598.19,0.13935667648026825,14.94,0.1453826705921073
2024-11-11,598.76,0.13718454473450403,14.97,0.14469381789380162
2024-11-12,596.9,0.13406956841534629,14.71,0.14188782736613853
2024-11-13,597.19,0.1336679117688131,14.02,0.13758716470752524
2024-11-14,593.35,0.13641669734223347,14.31,0.1404266789368934
2024-11-15,585.75,0.14438771919038684,16.14,0.15459508767615476
2024-11-18,588.15,0.1449029875797847,15.58,0.1514411950319139
2024-11-19,590.3,0.145311252277168,16.35,0.1562245009108672
2024-11-20,590.5,0.14067366779643062,17.16,0.15922946711857225
2024-11-21,593.67,0.1414563724876316,16.87,0.15780254899505264
2024-11-22,595.51,0.14147516926171605,15.24,0.14803006770468644
2024-11-25,597.53,0.14152649084644842,14.6,0.14421059633857936
2024-11-26,600.65,0.1421662420018874,14.1,0.14146649680075496
2024-11-27,598.83,0.14216832128525037,13.9,0.14026732851410015
2024-11-29,602.55,0.11820838904105987,13.52,0.12840335561642394
2024-12-02,603.63,0.1181633941404571,13.34,0.12730535765618284
2024-12-03,603.91,0.11707412045802916,13.3,0.12662964818321165
2024-12-04,607.66,0.11280684982506708,13.45,0.12582273993002682
2024-12-05,606.66,0.07824562799299241,13.54,0.11253825119719696
2024-12-06,607.81,0.07457659678488357,12.77,0.10645063871395344
2024-12-09,604.68,0.07656918845366514,14.19,0.11576767538146605
2024-12-10,602.8,0.07763149636204651,14.18,0.11613259854481861
2024-12-11,607.46,0.08068986695303722,13.58,0.1137559467812149
2024-12-12,604.33,0.08349818722033175,13.92,0.1169192748881327
2024-12-13,604.21,0.07934770956790628,13.81,0.11459908382716252
2024-12-16,606.79,0.06103257556145893,14.69,0.11255303022458357
2024-12-17,604.29,0.0637897594128736,15.87,0.12073590376514942
2024-12-18,586.28,0.128411931155502,27.62,0.21708477246220081
2024-12-19,586.1,0.1283870041483788,24.09,0.19589480165935153
2024-12-20,591.15,0.13078368610827393,18.36,0.16247347444330956
2024-12-23,594.69,0.13213964375271933,16.78,0.15353585750108772
2024-12-24,601.3,0.13749318528714652,14.28,0.14067727411485859
2024-12-26,601.34,0.1362720285561458,14.73,0.14288881142245832
2024-12-27,595.01,0.14109185267290303,15.95,0.1521367410691612
2024-12-30,588.22,0.1441814924822755,17.4,0.16207259699291018
2024-12-31,586.08,0.14397514455585966,17.35,0.16169005782234389
2025-01-02,584.64,0.14382687243632986,17.93,0.16511074897453193
2025-01-03,591.95,0.1498939797463618,16.13,0.1567375918985447
2025-01-06,595.36,0.15195520373678886,16.04,0.15702208149471553
2025-01-07,588.63,0.15591535350372027,17.82,0.16928614140148812
2025-01-08,589.49,0.15568202766050201,18.07,0.1706928110642008
2025-01-10,580.49,0.1635047080188965,19.54,0.1826418832075586
2025-01-13,581.39,0.16014454964487645,19.19,0.17919781985795058
2025-01-14,582.19,0.1602172727151484,18.71,0.17634690908605938
2025-01-15,592.78,0.17510251203370591,16.12,0.16676100481348238
2025-01-16,591.64,0.17403208331717554,16.6,0.16921283332687023
2025-01-17,597.58,0.178117908929158,15.81,0.16610716357166322
2025-01-21,603.05,0.1422687522131275,15.06,0.147267500885251
2025-01-22,606.44,0.14286906681061695,15.1,0.1477476267242468
2025-01-23,609.75,0.1412928903378763,15.02,0.1466371561351505
2025-01-24,607.97,0.1411284306335198,14.85,0.14555137225340792
2025-01-27,599.37,0.14596297390167523,17.9,0.1657851895606701
2025-01-28,604.52,0.14921256513100553,16.41,0.15814502605240222
2025-01-29,601.81,0.144843612859835,16.56,0.15729744514393398
2025-01-30,605.04,0.13845973870776332,15.84,0.1504238954831053
2025-01-31,601.82,0.13940562357316644,16.43,0.15434224942926658
2025-02-03,597.77,0.14176403116445477,18.62,0.16842561246578192
2025-02-04,601.78,0.13707399105139428,17.21,0.15808959642055773
2025-02-05,604.22,0.136396501179966,15.77,0.1491786004719864
2025-02-06,606.32,0.12889060776474062,15.5,0.14455624310589626
2025-02-07,600.77,0.13434748964886611,16.54,0.15297899585954644
2025-02-10,604.85,0.12097522209541961,15.81,0.14325008883816787
2025-02-11,605.31,0.12105140065531696,16.02,0.14454056026212678
2025-02-12,603.36,0.12246833060144191,15.89,0.14432733224057678
2025-02-13,609.73,0.11167072193557041,15.1,0.13526828877422817
2025-02-14,609.7,0.11112497503634554,15.37,0.13666999001453822
2025-02-18,611.49,0.1067125882492752,15.35,0.1347850352997101
2025-02-19,612.93,0.10264379256562034,15.27,0.13267751702624814
2025-02-20,610.38,0.10245395026743911,15.66,0.13494158010697563
2025-02-21,599.94,0.11791843562618938,18.21,0.15642737425047576
2025-02-24,597.21,0.11844952234427031,18.98,0.16125980893770814
2025-02-25,594.24,0.10876813112243486,19.43,0.16008725244897393
2025-02-26,594.54,0.10357732275203115,19.1,0.15603092910081245
2025-02-27,585.05,0.11640112950754328,21.13,0.1733404518030173
2025-02-28,594.18,0.12907745621321237,19.63,0.16941098248528494
2025-03-03,583.77,0.1415257429079482,22.78,0.19329029716317928
2025-03-04,576.86,0.1451879451945237,23.51,0.19913517807780948
2025-03-05,583.06,0.14893271290494306,21.93,0.19115308516197724
2025-03-06,572.71,0.1580457285858406,24.87,0.21243829143433623
2025-03-07,575.92,0.1593133270889144,23.37,0.20394533083556576
2025-03-10,560.58,0.1802806816625421,27.86,0.23927227266501683
2025-03-11,555.92,0.17685602304665446,26.92,0.2322624092186618
2025-03-12,558.87,0.17926336508346255,24.23,0.21708534603338503
2025-03-13,551.42,0.1823125139644173,24.66,0.22088500558576693
2025-03-14,562.81,0.1960629604101013,21.77,0.2090451841640405
2025-03-17,567.15,0.20001178504937608,20.51,0.20306471401975046
2025-03-18,561.02,0.20001701510612915,21.7,0.21020680604245165
2025-03-19,567.13,0.20593876290041646,19.9,0.20177550516016657
2025-03-20,565.49,0.20596489983968747,19.8,0.20118595993587501
2025-03-21,563.98,0.19976203899399772,19.28,0.1955848155975991
2025-03-24,574.08,0.21285357835041246,17.48,0.190021431340165
2025-03-25,575.46,0.2130826903580672,17.15,0.18813307614322688
2025-03-26,568.59,0.21604875200864357,18.33,0.19639950080345742
2025-03-27,567.08,0.20979103261276616,18.69,0.19605641304510646
2025-03-28,555.66,0.2097317561888265,21.65,0.2137927024755306
2025-03-31,559.39,0.2054502444721807,22.28,0.21586009778887227
2025-04-01,560.97,0.2027911160214436,21.77,0.21173644640857742
2025-04-02,564.52,0.19990290991445347,21.51,0.2090211639657814
2025-04-03,536.7,0.25976065295396655,30.02,0.28402426118158663
2025-04-04,505.28,0.32675832306641517,45.31,0.40256332922656607
2025-04-07,504.38,0.3179639291685789,46.98,0.4090655716674315
2025-04-08,496.48,0.32000513162702593,52.33,0.44198205265081036
2025-04-09,548.62,0.49249625249071516,33.62,0.39871850099628603
2025-04-10,524.58,0.5151399955125442,40.72,0.45037599820501767
2025-04-11,533.94,0.5136008088458971,37.56,0.43080032353835884
2025-04-14,539.12,0.5141737698477092,30.89,0.39100950793908373
2025-04-15,537.61,0.5132363526552901,30.12,0.3860145410621161
2025-04-16,525.66,0.5156919693389972,32.64,0.4021167877355989
2025-04-17,526.41,0.5160201550529521,29.65,0.38430806202118084
2025-04-21,513.88,0.5210959548282766,33.82,0.4113583819313107
2025-04-22,527.25,0.5263550085998459,30.57,0.39396200343993837
2025-04-23,535.42,0.5305298345627313,28.45,0.3829119338250925
2025-04-24,546.69,0.5364045089894095,26.47,0.3733818035957638
2025-04-25,550.64,0.5373756271288853,24.84,0.3639902508515541
2025-04-28,550.85,0.5327373652773457,25.15,0.3639949461109383
2025-04-29,554.32,0.5326665010979275,24.17,0.358086600439171
2025-04-30,554.54,0.5325382733473365,24.7,0.36121530933893464
2025-05-01,558.47,0.5326741897157419,24.6,0.3606696758862968
2025-05-02,566.76,0.500854937187187,22.68,0.3364219748748748
2025-05-05,563.51,0.443966060549045,23.64,0.319426424219618
2025-05-06,558.8,0.4460105905653999,24.76,0.32696423622616
2025-05-07,561.15,0.4391731717742795,23.55,0.3169692687097118
2025-05-08,565.06,0.26572360882140184,22.48,0.24116944352856073
2025-05-09,564.34,0.2025826717486774,21.9,0.21243306869947096
2025-05-12,582.99,0.22210191597885068,18.39,0.19918076639154028
2025-05-13,586.84,0.2214034200075706,18.22,0.19788136800302825
2025-05-14,587.59,0.22015116485658168,18.62,0.19978046594263266
2025-05-15,590.46,0.19585370849176692,17.83,0.18532148339670676
2025-05-16,594.2,0.1951690384419524,17.24,0.18150761537678095
2025-05-19,594.85,0.1610673662616504,18.14,0.17326694650466018
2025-05-20,592.85,0.149738327882707,18.09,0.1684353311530828
2025-05-21,582.86,0.1656984206142707,20.87,0.1914993682457083
2025-05-22,583.09,0.15403620572152274,20.28,0.1832944822886091
2025-05-23,579.11,0.1572643383684646,20.57,0.18632573534738583
2025-05-27,591.15,0.16948541751526372,18.96,0.1815541670061055
2025-05-28,587.73,0.17228877243415383,19.31,0.18477550897366152
2025-05-29,590.05,0.1720577118761008,19.18,0.18390308475044032
2025-05-30,589.39,0.1720119812990445,18.57,0.18022479251961782
2025-06-02,592.71,0.1665035387387349,18.36,0.17676141549549396
2025-06-03,596.09,0.16415779162619182,17.69,0.17180311665047673
2025-06-04,595.93,0.1592635165086239,17.61,0.16936540660344956
2025-06-05,593.05,0.1617398333335725,18.48,0.175575933333429
2025-06-06,599.14,0.16327146252475558,16.77,0.1659285850099022
2025-06-09,599.68,0.16271024519598679,17.16,0.1680440980783947
2025-06-10,603.08,0.12067891120004189,16.95,0.14997156448001675
2025-06-11,601.36,0.12025806337491926,17.26,0.1516632253499677
2025-06-12,603.75,0.12065263345109369,18.02,0.15638105338043748
2025-06-13,597.0,0.12777483269802925,20.82,0.1760299330792117
2025-06-16,602.68,0.1301315021885013,19.11,0.16671260087540052
2025-06-17,597.53,0.13421971148585796,21.6,0.1832878845943432
2025-06-18,597.44,0.13356178211531158,22.17,0.18644471284612463
2025-06-20,594.28,0.11904206805727682,20.62,0.17133682722291074
2025-06-23,600.15,0.1230791420164402,19.83,0.16821165680657607
2025-06-24,606.78,0.12342649717544092,17.48,0.15425059887017636
2025-06-25,607.12,0.10293545492537984,16.76,0.14173418197015195
2025-06-26,611.87,0.1017424168884231,16.59,0.14023696675536923
2025-06-27,614.91,0.10206123161884002,16.32,0.13874449264753602
2025-06-30,617.85,0.10176590272797034,16.73,0.14108636109118813
2025-07-01,617.65,0.10142672088690417,16.83,0.14155068835476164
2025-07-02,620.45,0.10095815301723138,16.64,0.14022326120689255
2025-07-03,625.34,0.10263519436255253,16.4,0.139454077745021
2025-07-07,620.68,0.10549184173046768,17.79,0.14893673669218707
2025-07-08,620.34,0.10159437069698073,16.81,0.1414977482787923
2025-07-09,624.06,0.10263268763453633,15.94,0.1366930750538145
2025-07-10,625.82,0.10178088650426313,15.78,0.13539235460170526
2025-07-11,623.62,0.10221553665867732,16.4,0.1392862146634709
2025-07-14,624.81,0.10190216135617398,17.2,0.1439608645424696
2025-07-15,622.14,0.09274729195755764,17.38,0.14137891678302306
2025-07-16,624.22,0.08871900644484965,17.16,0.13844760257793987
2025-07-17,628.04,0.08100060651933864,16.52,0.13152024260773545
2025-07-18,627.58,0.08127815754236871,16.41,0.13097126301694748
2025-07-21,628.77,0.07600337040859308,16.65,0.13030134816343722
2025-07-22,628.86,0.07181890108297563,16.5,0.12772756043319025
2025-07-23,634.21,0.06826809943479661,15.37,0.11952723977391864
2025-07-24,634.42,0.0683463664480043,15.39,0.11967854657920173
2025-07-25,637.1,0.06558650067570153,14.93,0.11581460027028061
2025-07-28,636.94,0.06509787151917375,15.03,0.11621914860766949
2025-07-29,635.26,0.0658639542246204,15.98,0.12222558168984815
2025-07-30,634.46,0.0662696053304905,15.48,0.11938784213219619
2025-07-31,632.08,0.06750640953970509,16.72,0.12732256381588203
2025-08-01,621.72,0.08699659689072113,20.38,0.15707863875628844
2025-08-04,631.17,0.0983907092232881,17.52,0.14447628368931523
2025-08-05,627.97,0.10053145591616292,17.85,0.1473125823664652
2025-08-06,632.78,0.10186316263390001,16.77,0.14136526505356
2025-08-07,632.25,0.10167899878289896,16.57,0.14009159951315958
2025-08-08,637.18,0.10361829650131922,15.15,0.13234731860052767
2025-08-11,635.92,0.1041218771766567,16.25,0.1391487508706627
2025-08-12,642.69,0.1076621961549235,14.73,0.1314448784619694
2025-08-13,644.89,0.10767934970705426,14.49,0.13001173988282172
2025-08-14,644.95,0.10647499797173479,14.83,0.13156999918869391
2025-08-15,643.44,0.10704081684949339,15.09,0.13335632673979736
2025-08-18,643.3,0.10713411992458989,14.99,0.13279364796983595
2025-08-19,639.81,0.1096286442101494,15.57,0.13727145768405977
2025-08-20,638.11,0.10645740204962896,15.69,0.13672296081985158
2025-08-21,635.55,0.10755871680098782,16.6,0.14262348672039515
2025-08-22,645.31,0.11961213051182537,14.22,0.13316485220473015
2025-08-25,642.47,0.12092731296745203,14.79,0.13711092518698081
2025-08-26,645.16,0.12105129321169333,14.62,0.13614051728467733
2025-08-27,646.63,0.12091417985297241,14.85,0.13746567194118897
2025-08-28,648.92,0.11991491355623347,14.43,0.1345459654224934
2025-08-29,645.05,0.10387653765673764,16.12,0.13827061506269506
2025-09-02,640.27,0.096279953774038,17.17,0.1415319815096152
2025-09-03,643.74,0.09509244118169141,16.35,0.13613697647267659
2025-09-04,649.12,0.09573900591006904,15.3,0.13009560236402762
2025-09-05,647.24,0.09661853913296851,15.18,0.1297274156531874
2025-09-08,648.83,0.09360141726379458,15.11,0.12810056690551783
2025-09-09,650.33,0.09308451222919652,15.04,0.1274738048916786
2025-09-10,652.21,0.0864723257733869,15.35,0.12668893030935477
2025-09-11,657.63,0.09011417682845246,14.71,0.12430567073138099
2025-09-12,657.41,0.0901826420505655,14.76,0.12463305682022621
2025-09-15,660.91,0.09055871877269922,15.69,0.13036348750907967
2025-09-16,660.0,0.09091624619988913,16.36,0.13452649847995565
2025-09-17,659.18,0.0879740626420145,15.72,0.1295096250568058
2025-09-18,662.26,0.08722706242076929,15.7,0.1290908249683077
2025-09-19,663.7,0.08441744023912867,15.45,0.12646697609565147
2025-09-22,666.84,0.06980404929036481,16.1,0.12452161971614593
2025-09-23,663.21,0.07109593613200167,16.64,0.12827837445280066
2025-09-24,661.1,0.07233355199015545,16.18,0.12601342079606218
2025-09-25,658.05,0.07509221966773863,16.74,0.13047688786709544
2025-09-26,661.82,0.07649981905900524,15.29,0.12233992762360209
2025-09-29,663.68,0.0721213289079136,16.12,0.12556853156316544
2025-09-30,666.18,0.0644144380307342,16.28,0.12344577521229369
2025-10-01,668.45,0.06338746726036507,16.29,0.12309498690414603
2025-10-02,669.22,0.0586601570234713,16.63,0.12324406280938852
2025-10-03,669.21,0.056632250226846356,16.65,0.12255290009073853
2025-10-06,671.61,0.056979261521511504,16.37,0.12101170460860461
2025-10-07,669.12,0.06008762346390413,17.24,0.12747504938556165
2025-10-08,673.11,0.06202468951941478,16.3,0.12260987580776592
2025-10-09,671.16,0.058609297179312486,16.43,0.122023718871725
2025-10-10,653.02,0.1167738642294582,21.66,0.17666954569178328
2025-10-13,663.04,0.1279083349339357,19.03,0.16534333397357429
2025-10-14,662.23,0.12788472091163244,20.81,0.17601388836465298
2025-10-15,665.17,0.1286372308652905,20.64,0.1752948923461162
2025-10-16,660.64,0.1301113872118919,25.31,0.20390455488475676
2025-10-17,664.39,0.13150892408672382,20.78,0.17728356963468953
2025-10-20,671.3,0.13561077319934453,18.23,0.1636243092797378
2025-10-21,671.29,0.1338929944532481,17.87,0.16077719778129923
2025-10-22,667.8,0.1348437501100108,18.6,0.16553750004400433
2025-10-23,671.76,0.1347157057324153,17.3,0.1576862822929661
2025-10-24,677.25,0.13610245542475122,16.37,0.15266098216990048
2025-10-27,685.24,0.14113253985487348,15.79,0.1511930159419494
2025-10-28,687.06,0.14096225739803653,16.42,0.1549049029592146
2025-10-29,687.39,0.14083275607351473,16.92,0.15785310242940592
2025-10-30,679.83,0.14762119623893152,16.91,0.1605084784955726
2025-10-31,682.06,0.14784602297089172,17.44,0.16377840918835668
2025-11-03,683.34,0.1475675309972799,17.17,0.16204701239891198
2025-11-04,675.24,0.15369749687222414,19.0,0.17547899874888964
2025-11-05,677.58,0.1527702751212564,18.01,0.16916811004850257
2025-11-06,670.31,0.15747538585597382,19.5,0.17999015434238952
2025-11-07,670.97,0.11986439919069133,19.08,0.1624257596762765
2025-11-10,681.44,0.12026046781658072,17.6,0.1537041871266323
2025-11-11,683.0,0.1199022516540159,17.28,0.15164090066160638
2025-11-12,683.38,0.11945335345574194,17.51,0.15284134138229677
2025-11-13,672.04,0.1328648241520027,20.0,0.17314592966080108
2025-11-14,671.93,0.1316743939704666,19.83,0.17164975758818662
2025-11-17,665.67,0.1308344842327715,22.38,0.1866137936931086
2025-11-18,660.08,0.13386504553009307,24.69,0.20168601821203722
2025-11-19,662.63,0.13380835200733862,23.66,0.19548334080293545
2025-11-20,652.53,0.141600552745834,26.42,0.2151602210983336
2025-11-21,659.03,0.14332238276064577,23.43,0.19790895310425832
2025-11-24,668.73,0.14712963255919287,20.52,0.18197185302367713
2025-11-25,675.02,0.15133886179557363,18.56,0.17189554471822943
2025-11-26,679.68,0.15378899953036634,17.21,0.16477559981214654
2025-11-28,683.39,0.1499608210216928,16.35,0.15808432840867714
2025-12-01,680.27,0.15045675050735097,17.24,0.1636227002029404
2025-12-02,681.53,0.1504524570923172,16.59,0.15972098283692687
2025-12-03,683.89,0.14424200405402116,16.08,0.15417680162160846
2025-12-04,684.39,0.14385839628947222,15.78,0.1522233585157889
2025-12-05,685.69,0.13756691551139058,15.41,0.14748676620455625
2025-12-08,683.63,0.13835261416023564,16.66,0.15530104566409425
2025-12-09,683.04,0.12727760725956963,16.93,0.15249104290382787
2025-12-10,687.57,0.1291662797929462,15.77,0.14628651191717848
2025-12-11,689.17,0.1293590623274179,14.85,0.14084362493096717
2025-12-12,681.76,0.1203349447977319,15.74,0.14257397791909276
2025-12-15,680.73,0.12056091938730495,16.5,0.14722436775492198
2025-12-16,678.87,0.11545044927931485,16.48,0.14506017971172594
2025-12-17,671.4,0.11863079668270984,17.62,0.15317231867308395
2025-12-18,676.47,0.12056160267501807,16.87,0.14944464107000724
2025-12-19,680.59,0.10489463920623031,14.91,0.13141785568249212
2025-12-22,684.83,0.10202453680542739,14.08,0.12528981472217096
2025-12-23,687.96,0.09109432815918625,14.0,0.1204377312636745
2025-12-24,690.38,0.08658259401903418,13.47,0.11545303760761368
2025-12-26,690.31,0.08393408175309909,13.6,0.11517363270123965
2025-12-29,687.85,0.08338216881669833,14.2,0.11855286752667932
2025-12-30,687.01,0.08159824428298043,14.33,0.11861929771319218
2025-12-31,681.92,0.08608467746296389,14.95,0.12413387098518555
2026-01-02,683.17,0.08541690664186379,14.51,0.12122676265674551
2026-01-05,688.17,0.08930206610620119,14.83,0.12470082644248046
