datetime,type,K,expiry,contracts,option_value,shares_trade,shares_pos,price,cash_after
2021-01-07,ROLL_OPEN,379.0,2021-02-05,1.0,,,,,
2021-02-01,ROLL_CLOSE,379.0,2021-02-05,1.0,,,,,
2021-02-01,ROLL_OPEN,376.0,2021-03-03,1.0,,,,,
2021-02-08,HEDGE_TRADE,,,,,-57.581927765133045,-57.581927765133045,390.51,122486.3186115621
2021-03-01,ROLL_CLOSE,376.0,2021-03-03,1.0,1361.7406682355365,,,,
2021-03-01,ROLL_OPEN,390.0,2021-03-31,1.0,1824.1627389035812,,,,
2021-03-01,HEDGE_TRADE,,,,,56.707881758905664,-0.8740460062273803,389.58,99931.63996525959
2021-03-26,HEDGE_TRADE,,,,,-51.9847822273056,-52.85882823353298,395.98,120516.57403162806
2021-03-31,ROLL_OPEN,396.0,2021-04-30,1.0,1571.8965123643243,,,,
2021-03-31,ROLL_CLOSE,390.0,2021-03-31,1.0,632.9999999999984,,,,
2021-04-01,ROLL_CLOSE,396.0,2021-04-30,1.0,1463.2894124823167,,,,
2021-04-01,ROLL_OPEN,401.0,2021-04-30,1.0,1425.0169592355946,,,,
2021-04-01,HEDGE_TRADE,,,,,52.82398994227597,-0.0348382912570111,400.61,98454.13136173527
2021-04-09,HEDGE_TRADE,,,,,-54.54413801680198,-54.57897630805899,411.49,120898.49871426912
2021-04-30,ROLL_CLOSE,401.0,2021-04-30,1.0,1630.0000000000011,,,,
2021-04-30,ROLL_OPEN,417.0,2021-05-28,1.0,1408.8044849961136,,,,
2021-04-30,HEDGE_TRADE,,,,,51.53547168629195,-3.04350462176704,417.3,99613.94189458337
2021-05-03,ROLL_OPEN,418.0,2021-06-02,1.0,1403.5753057777015,,,,
2021-05-03,ROLL_CLOSE,417.0,2021-05-28,1.0,1283.2631872578845,,,,
2021-06-01,ROLL_CLOSE,418.0,2021-06-02,1.0,316.6401824944586,,,,
2021-06-01,ROLL_OPEN,420.0,2021-07-01,1.0,1571.2280755777783,,,,
2021-06-25,HEDGE_TRADE,,,,,-61.50342751216188,-64.54693213392892,426.61,124477.01909394361
2021-07-01,ROLL_CLOSE,420.0,2021-07-01,1.0,1043.0000000000007,,,,
2021-07-01,ROLL_OPEN,430.0,2021-07-30,1.0,1274.9372470230496,,,,
2021-07-01,HEDGE_TRADE,,,,,60.91909856138753,-3.6278335725413946,430.43,98023.67425314254
2021-07-23,HEDGE_TRADE,,,,,-70.36011977733644,-73.98795334987783,439.94,128977.90534798393
2021-07-30,ROLL_OPEN,439.0,2021-08-27,1.0,1508.7163851701662,,,,
2021-07-30,HEDGE_TRADE,,,,,74.33722577185927,0.3492724219814336,438.51,95722.57208959576
2021-07-30,ROLL_CLOSE,430.0,2021-07-30,1.0,850.9999999999991,,,,
2021-08-02,ROLL_CLOSE,439.0,2021-08-27,1.0,1486.3354268273838,,,,
2021-08-02,ROLL_OPEN,438.0,2021-09-01,1.0,1621.9785224203433,,,,
2021-08-16,HEDGE_TRADE,,,,,-55.99005764646696,-55.640785224485526,446.97,120612.80506024415
2021-09-01,ROLL_CLOSE,438.0,2021-09-01,1.0,1380.0000000000011,,,,
2021-09-01,ROLL_OPEN,452.0,2021-10-01,1.0,1327.9160079857006,,,,
2021-09-01,HEDGE_TRADE,,,,,55.13039346828915,-0.5103917561963767,451.8,95756.97728328542
2021-09-17,HEDGE_TRADE,,,,,53.99403629373074,53.48364453753436,441.4,71924.00966323267
2021-10-01,ROLL_OPEN,434.0,2021-10-29,1.0,1762.763091150336,,,,
2021-10-01,HEDGE_TRADE,,,,,-56.38009385245296,-2.8964493149185975,434.24,96419.73852657151
2021-10-01,ROLL_CLOSE,452.0,2021-10-01,1.0,1775.999999999999,,,,
2021-10-15,HEDGE_TRADE,,,,,-58.1354784504024,-61.031927765321,445.87,122340.60430325243
2021-10-29,ROLL_CLOSE,434.0,2021-10-29,1.0,2525.0,,,,
2021-10-29,ROLL_OPEN,459.0,2021-11-26,1.0,1422.7397217701366,,,,
2021-10-29,HEDGE_TRADE,,,,,58.364385522129936,-2.667542243191062,459.25,96639.02053044412
2021-11-01,ROLL_CLOSE,459.0,2021-11-26,1.0,1289.4621395561728,,,,
2021-11-01,ROLL_OPEN,460.0,2021-12-01,1.0,1411.1286247749433,,,,
2021-11-16,HEDGE_TRADE,,,,,-55.18086004276862,-57.848402285959686,469.28,122412.62804609581
2021-11-26,HEDGE_TRADE,,,,,63.9552577658568,6.106855479897111,458.97,93059.0833893005
2021-11-29,HEDGE_TRADE,,,,,-60.4667386757394,-54.359883195842286,464.6,121151.93017804904
2021-11-30,HEDGE_TRADE,,,,,114.96774681472957,60.60786361888728,455.56,68777.22343913083
2021-12-01,ROLL_CLOSE,460.0,2021-12-01,1.0,950.0,,,,
2021-12-01,ROLL_OPEN,450.0,2021-12-31,1.0,2483.2651654026363,,,,
2021-12-01,HEDGE_TRADE,,,,,-64.64571364257021,-4.037850023682937,450.5,96366.85226970607
2021-12-07,HEDGE_TRADE,,,,,-53.71779118732314,-57.75564121100607,468.28,121521.81952690575
2021-12-31,ROLL_CLOSE,450.0,2021-12-31,1.0,2495.999999999998,,,,
2021-12-31,ROLL_OPEN,475.0,2022-01-28,1.0,1789.5205636089656,,,,
2021-12-31,HEDGE_TRADE,,,,,56.01410881339116,-1.7415323976149144,474.96,95623.8378412885
2022-01-03,ROLL_OPEN,478.0,2022-02-02,1.0,1804.0972485436725,,,,
2022-01-03,ROLL_CLOSE,475.0,2022-01-28,1.0,1655.843959016599,,,,
2022-01-14,HEDGE_TRADE,,,,,52.4626594945404,50.721127096925485,464.72,71095.1374314586
2022-02-01,ROLL_CLOSE,478.0,2022-02-02,1.0,2505.0000612967697,,,,
2022-02-01,ROLL_OPEN,453.0,2022-03-03,1.0,2141.284475086468,,,,
2022-02-01,HEDGE_TRADE,,,,,-52.936131064978234,-2.2150039680527476,452.95,95436.27358355079
2022-02-17,HEDGE_TRADE,,,,,52.3728317616947,50.15782779364195,437.06,72546.20373378451
2022-03-01,HEDGE_TRADE,,,,,-53.42481716073557,-3.26698936709362,429.98,94976.52128798029
2022-03-01,ROLL_CLOSE,453.0,2022-03-03,1.0,2306.6642593301895,,,,
2022-03-01,ROLL_OPEN,430.0,2022-03-31,1.0,2847.949587907496,,,,
2022-03-18,HEDGE_TRADE,,,,,-50.869644411015045,-54.13663377810867,444.52,117589.09562156469
2022-03-31,ROLL_CLOSE,430.0,2022-03-31,1.0,2163.9999999999986,,,,
2022-03-31,ROLL_OPEN,452.0,2022-04-29,1.0,2200.540603374597,,,,
2022-03-31,HEDGE_TRADE,,,,,52.74275039123308,-1.3938833868755884,451.64,93731.81923149359
2022-04-01,ROLL_CLOSE,452.0,2022-04-29,1.0,2098.759311397336,,,,
2022-04-01,ROLL_OPEN,453.0,2022-04-29,1.0,2099.803234184631,,,,
2022-04-12,HEDGE_TRADE,,,,,51.931662238538934,50.53777885166335,438.29,70969.64706617707
2022-04-29,ROLL_OPEN,412.0,2022-05-27,1.0,2738.40638195056,,,,
2022-04-29,HEDGE_TRADE,,,,,-53.86108756762276,-3.323308715959411,412.0,94522.00876208709
2022-04-29,ROLL_CLOSE,453.0,2022-04-29,1.0,4100.0,,,,
2022-05-02,ROLL_OPEN,414.0,2022-06-01,1.0,2795.570898364801,,,,
2022-05-02,ROLL_CLOSE,412.0,2022-05-27,1.0,2553.401391666023,,,,
2022-05-11,HEDGE_TRADE,,,,,51.39671685830541,48.073408142346,392.75,74093.77870928886
2022-05-27,HEDGE_TRADE,,,,,-56.698562494132524,-8.625154351786529,415.26,97638.42377060233
2022-06-01,ROLL_CLOSE,414.0,2022-06-01,1.0,441.0000000000025,,,,
2022-06-01,ROLL_OPEN,410.0,2022-07-01,1.0,2652.7730975353907,,,,
2022-06-10,HEDGE_TRADE,,,,,60.6087420792298,51.98358772744327,389.8,71801.36301058315
2022-07-01,ROLL_CLOSE,410.0,2022-07-01,1.0,2875.999999999999,,,,
2022-07-01,ROLL_OPEN,381.0,2022-07-29,1.0,2394.0931090139457,,,,
2022-07-01,HEDGE_TRADE,,,,,-55.76179708162621,-3.7782093541829376,381.24,93541.89742096838
2022-07-19,HEDGE_TRADE,,,,,-51.93291855694207,-55.711127911125004,392.27,113913.62338330004
2022-07-29,ROLL_CLOSE,381.0,2022-07-29,1.0,3099.000000000001,,,,
2022-07-29,ROLL_OPEN,412.0,2022-08-26,1.0,1858.8055592337128,,,,
2022-07-29,HEDGE_TRADE,,,,,53.48949957425251,-2.2216283368724943,411.99,93116.67889447004
2022-08-01,ROLL_CLOSE,412.0,2022-08-26,1.0,1835.1897185633534,,,,
2022-08-01,ROLL_OPEN,411.0,2022-08-31,1.0,2005.0650704260333,,,,
2022-08-12,HEDGE_TRADE,,,,,-60.816079715624355,-63.037708052496846,427.1,118921.35118915053
2022-08-23,HEDGE_TRADE,,,,,53.702179518359,-9.335528534137843,412.35,96777.2574647552
2022-08-29,HEDGE_TRADE,,,,,84.49356379358494,75.1580352594471,402.63,62757.61387454409
2022-08-31,HEDGE_TRADE,,,,,-78.37839041709562,-3.2203551576485188,395.18,93195.74222561913
2022-08-31,ROLL_CLOSE,411.0,2022-08-31,1.0,1581.9999999999993,,,,
2022-08-31,ROLL_OPEN,395.0,2022-09-30,1.0,2117.4439739527998,,,,
2022-09-01,ROLL_CLOSE,395.0,2022-09-30,1.0,2074.823035755432,,,,
2022-09-01,ROLL_OPEN,396.0,2022-09-30,1.0,2074.616159182847,,,,
2022-09-12,HEDGE_TRADE,,,,,-52.630293580068695,-55.850648737717215,410.97,114825.42085479255
2022-09-13,HEDGE_TRADE,,,,,63.85331818612204,8.00266944840482,393.1,89724.68147582798
2022-09-21,HEDGE_TRADE,,,,,65.61748796069087,73.62015740909568,377.39,64961.29769434285
2022-09-30,HEDGE_TRADE,,,,,-77.30887210493577,-3.6887146958400843,357.18,94181.31144076296
2022-09-30,ROLL_CLOSE,396.0,2022-09-30,1.0,3881.999999999999,,,,
2022-09-30,ROLL_OPEN,357.0,2022-10-28,1.0,2275.1691920208486,,,,
2022-10-03,ROLL_CLOSE,357.0,2022-10-28,1.0,2311.3041914990445,,,,
2022-10-03,ROLL_OPEN,367.0,2022-11-02,1.0,2418.7367822334777,,,,
2022-10-25,HEDGE_TRADE,,,,,-70.6510650711003,-74.3397797669404,384.92,121268.88681719646
2022-11-01,ROLL_CLOSE,367.0,2022-11-02,1.0,1752.063129636805,,,,
2022-11-01,ROLL_OPEN,385.0,2022-12-01,1.0,2251.622903560082,,,,
2022-11-01,HEDGE_TRADE,,,,,72.7706738441559,-1.5691059227844972,384.52,92787.54753671835
2022-11-22,HEDGE_TRADE,,,,,-68.73317636545876,-70.30228228824326,399.9,120273.9447652653
2022-12-01,ROLL_OPEN,407.0,2022-12-30,1.0,2048.54914829979,,,,
2022-12-01,HEDGE_TRADE,,,,,66.60714677409516,-3.695135514148112,407.38,93328.97616413463
2022-12-01,ROLL_CLOSE,385.0,2022-12-01,1.0,2237.9999999999995,,,,
2022-12-09,HEDGE_TRADE,,,,,52.706752579564416,49.0116170654163,393.28,72600.46450964353
2022-12-27,HEDGE_TRADE,,,,,50.90654301411266,99.91816007952896,381.4,53184.70900406096
2022-12-30,ROLL_CLOSE,407.0,2022-12-30,1.0,2456.999999999999,,,,
2022-12-30,ROLL_OPEN,382.0,2023-01-27,1.0,1735.3600283219862,,,,
2022-12-30,HEDGE_TRADE,,,,,-103.76422597173352,-3.8460658922045585,382.43,93588.90191410902
2023-01-03,ROLL_CLOSE,382.0,2023-01-27,1.0,1662.8320251249363,,,,
2023-01-03,ROLL_OPEN,381.0,2023-02-02,1.0,1853.6850766635894,,,,
2023-01-11,HEDGE_TRADE,,,,,-51.81527940754895,-55.661345299753506,395.52,113892.02817384413
2023-02-01,ROLL_CLOSE,381.0,2023-02-02,1.0,2980.000000000001,,,,
2023-02-01,ROLL_OPEN,411.0,2023-03-03,1.0,1628.5999018157186,,,,
2023-02-01,HEDGE_TRADE,,,,,54.46129184168015,-1.2000534580733524,410.8,92870.7295834662
2023-02-21,HEDGE_TRADE,,,,,61.90553878575261,60.705485327679256,399.09,68164.8481094602
2023-03-01,ROLL_CLOSE,411.0,2023-03-03,1.0,1626.484732808132,,,,
2023-03-01,ROLL_OPEN,395.0,2023-03-31,1.0,1664.4394874500165,,,,
2023-03-01,HEDGE_TRADE,,,,,-61.81869238122718,-1.113207053547921,394.74,92529.20398538394
2023-03-29,HEDGE_TRADE,,,,,-73.12722287214419,-74.24042992569211,401.35,121878.814885119
2023-03-31,HEDGE_TRADE,,,,,70.70414215639956,-3.5362877692925565,409.39,92672.93585609103
2023-03-31,ROLL_CLOSE,395.0,2023-03-31,1.0,1438.9999999999986,,,,
2023-03-31,ROLL_OPEN,409.0,2023-04-28,1.0,1699.3102716195551,,,,
2023-04-03,ROLL_CLOSE,409.0,2023-04-28,1.0,1609.4935058769636,,,,
2023-04-03,ROLL_OPEN,411.0,2023-05-03,1.0,1759.094533504316,,,,
2023-04-26,HEDGE_TRADE,,,,,56.89646008195797,53.36017231266541,404.36,69516.68222972314
2023-04-27,HEDGE_TRADE,,,,,-68.08164060874807,-14.721468296082657,412.41,97594.23163317694
2023-05-01,ROLL_CLOSE,411.0,2023-05-03,1.0,520.1889937489782,,,,
2023-05-01,ROLL_OPEN,416.0,2023-05-31,1.0,1363.7470083264957,,,,
2023-05-04,HEDGE_TRADE,,,,,56.12896122496097,41.40749292887831,405.13,74011.14755753099
2023-05-18,HEDGE_TRADE,,,,,-63.38410803689581,-21.976615108017494,419.23,100583.66716983882
2023-05-24,HEDGE_TRADE,,,,,58.24905442820993,36.27243932019244,411.09,76638.063384946
2023-05-26,HEDGE_TRADE,,,,,-76.67820155630831,-40.40576223611587,420.02,108844.44160262661
2023-05-31,ROLL_CLOSE,416.0,2023-05-31,1.0,185.00000000000227,,,,
2023-05-31,ROLL_OPEN,418.0,2023-06-30,1.0,1514.141393939778,,,,
2023-06-01,ROLL_CLOSE,418.0,2023-06-30,1.0,1400.0327559545299,,,,
2023-06-01,ROLL_OPEN,422.0,2023-06-30,1.0,1372.7652639660903,,,,
2023-06-15,HEDGE_TRADE,,,,,-52.21547325017185,-92.62123548628772,442.6,130653.13616120133
2023-06-30,ROLL_OPEN,443.0,2023-07-28,1.0,1222.980643456438,,,,
2023-06-30,HEDGE_TRADE,,,,,89.78438746436468,-2.8368480219230277,443.28,91758.53224254132
2023-06-30,ROLL_CLOSE,422.0,2023-06-30,1.0,2127.9999999999973,,,,
2023-07-03,ROLL_OPEN,444.0,2023-08-02,1.0,1228.8736132296947,,,,
2023-07-03,ROLL_CLOSE,443.0,2023-07-28,1.0,1122.216882960572,,,,
2023-07-18,HEDGE_TRADE,,,,,-63.67052412604742,-66.50737214797044,454.19,120570.39086508167
2023-08-01,ROLL_CLOSE,444.0,2023-08-02,1.0,1248.0002814823795,,,,
2023-08-01,ROLL_OPEN,456.0,2023-08-31,1.0,1212.3766651688215,,,,
2023-08-01,HEDGE_TRADE,,,,,62.65918052438624,-3.8481916235842073,456.48,92003.3517556234
2023-08-09,HEDGE_TRADE,,,,,53.55644350979767,49.70825188621346,445.75,68130.56706113109
2023-08-31,ROLL_CLOSE,456.0,2023-08-31,1.0,564.9999999999977,,,,
2023-08-31,ROLL_OPEN,450.0,2023-09-29,1.0,1318.53057750192,,,,
2023-08-31,HEDGE_TRADE,,,,,-52.86182103127459,-3.1535691450611303,450.35,91183.35758506368
2023-09-01,ROLL_OPEN,451.0,2023-09-29,1.0,1308.3629181669778,,,,
2023-09-01,ROLL_CLOSE,450.0,2023-09-29,1.0,1310.2719863319608,,,,
2023-09-15,HEDGE_TRADE,,,,,51.41469287725728,48.261123732196154,443.37,68389.5342722391
2023-09-25,HEDGE_TRADE,,,,,51.04480966450964,99.3059333967058,432.23,46326.43619094811
2023-09-29,ROLL_CLOSE,451.0,2023-09-29,1.0,2351.999999999998,,,,
2023-09-29,ROLL_OPEN,427.0,2023-10-27,1.0,1424.6955988566413,,,,
2023-09-29,HEDGE_TRADE,,,,,-103.11680785612934,-3.810874459423541,427.48,91334.11361442963
2023-10-02,ROLL_CLOSE,427.0,2023-10-27,1.0,1347.3202901361874,,,,
2023-10-02,ROLL_OPEN,427.0,2023-11-01,1.0,1475.8547640279915,,,,
2023-10-25,HEDGE_TRADE,,,,,67.81584532208664,64.0049708626631,417.55,62889.07292630055
2023-11-01,HEDGE_TRADE,,,,,-64.40070965863269,-0.3957387959695968,422.66,89011.99186487541
2023-11-01,ROLL_CLOSE,427.0,2023-11-01,1.0,433.9999999999975,,,,
2023-11-01,ROLL_OPEN,423.0,2023-12-01,1.0,1530.6850057428305,,,,
2023-11-06,HEDGE_TRADE,,,,,-55.30591841556666,-55.70165721153626,435.69,113108.22745935364
2023-12-01,ROLL_CLOSE,423.0,2023-12-01,1.0,3610.0000000000023,,,,
2023-12-01,ROLL_OPEN,459.0,2023-12-29,1.0,1161.3458475696973,,,,
2023-12-01,HEDGE_TRADE,,,,,53.88868115372481,-1.8129760578114495,459.1,90816.58809410888
2023-12-13,HEDGE_TRADE,,,,,-74.29869393264322,-76.11166999045467,470.5,125774.12358941752
2023-12-29,HEDGE_TRADE,,,,,73.20369498577793,-2.907975004676749,475.31,91414.41094002184
2023-12-29,ROLL_CLOSE,459.0,2023-12-29,1.0,1631.0000000000002,,,,
2023-12-29,ROLL_OPEN,475.0,2024-01-26,1.0,1196.2643857055723,,,,
2024-01-02,ROLL_CLOSE,475.0,2024-01-26,1.0,1172.505488181801,,,,
2024-01-02,ROLL_OPEN,473.0,2024-02-01,1.0,1291.5176114270962,,,,
2024-01-19,HEDGE_TRADE,,,,,-57.78494376024958,-60.69291876492633,482.43,119172.58923503375
2024-02-01,ROLL_CLOSE,473.0,2024-02-01,1.0,1619.9999999999989,,,,
2024-02-01,ROLL_OPEN,489.0,2024-03-01,1.0,1418.0804144567078,,,,
2024-02-01,HEDGE_TRADE,,,,,58.34571714749942,-2.347201617426914,489.2,90831.78399202033
2024-02-09,HEDGE_TRADE,,,,,-58.499332472277196,-60.84653408970411,501.2,120151.64942712565
2024-03-01,HEDGE_TRADE,,,,,60.129156158237265,-0.7173779314668449,512.85,90275.52514177888
2024-03-01,ROLL_OPEN,513.0,2024-03-29,1.0,1423.8865495947807,,,,
2024-03-01,ROLL_CLOSE,489.0,2024-03-01,1.0,2385.0000000000023,,,,
2024-03-20,HEDGE_TRADE,,,,,-53.4999971368346,-54.21737506830144,520.48,118121.20365155855
2024-04-01,ROLL_CLOSE,513.0,2024-03-29,1.0,915.9999999999968,,,,
2024-04-01,ROLL_OPEN,522.0,2024-05-01,1.0,1443.5520100062577,,,,
2024-04-01,HEDGE_TRADE,,,,,52.1294904382875,-2.0878846300139475,522.16,90373.71691429609
2024-04-15,HEDGE_TRADE,,,,,69.71412013502847,67.62623550501452,504.45,55206.42901218098
2024-05-01,ROLL_OPEN,500.0,2024-05-31,1.0,1685.7841017929418,,,,
2024-05-01,HEDGE_TRADE,,,,,-70.63243594772568,-3.0062004427111653,500.35,91026.5842368326
2024-05-01,ROLL_CLOSE,522.0,2024-05-01,1.0,2164.9999999999977,,,,
2024-05-06,HEDGE_TRADE,,,,,-61.001776143751925,-64.00797658646309,516.57,122538.27173941053
2024-05-31,ROLL_CLOSE,500.0,2024-05-31,1.0,2737.0000000000005,,,,
2024-05-31,ROLL_OPEN,527.0,2024-06-28,1.0,1341.876890195175,,,,
2024-05-31,HEDGE_TRADE,,,,,60.980553627112194,-3.0274229593508952,527.37,91774.0802828852
2024-06-03,ROLL_CLOSE,527.0,2024-06-28,1.0,1247.3801999550176,,,,
2024-06-03,ROLL_OPEN,528.0,2024-07-03,1.0,1366.0227735098829,,,,
2024-06-12,HEDGE_TRADE,,,,,-63.98820867840241,-67.0156316377533,541.36,126296.09435947027
2024-07-01,ROLL_OPEN,545.0,2024-07-31,1.0,1239.6487982572467,,,,
2024-07-01,HEDGE_TRADE,,,,,64.13313083309914,-2.8825008046541587,545.34,91816.08491639343
2024-07-01,ROLL_CLOSE,528.0,2024-07-03,1.0,1734.000923702698,,,,
2024-07-08,HEDGE_TRADE,,,,,-53.18328348812771,-56.06578429278186,555.28,121347.69857168099
2024-07-24,HEDGE_TRADE,,,,,79.66063588241302,23.594851589631155,541.23,78232.97261304258
2024-07-31,ROLL_CLOSE,545.0,2024-07-31,1.0,580.9999999999945,,,,
2024-07-31,ROLL_OPEN,551.0,2024-08-30,1.0,1989.872319027603,,,,
2024-08-01,ROLL_CLOSE,551.0,2024-08-30,1.0,2237.836972592436,,,,
2024-08-01,ROLL_OPEN,543.0,2024-08-30,1.0,2128.099144356804,,,,
2024-08-15,HEDGE_TRADE,,,,,-63.23636042825984,-39.64150883862869,553.07,111907.97198430829
2024-08-26,HEDGE_TRADE,,,,,-51.93978692989901,-91.5812957685277,560.79,141035.28509672635
2024-08-30,HEDGE_TRADE,,,,,90.76303306428493,-0.818262704242767,563.68,89896.26981414974
2024-08-30,ROLL_CLOSE,543.0,2024-08-30,1.0,2067.999999999995,,,,
2024-08-30,ROLL_OPEN,564.0,2024-09-27,1.0,2045.708804900488,,,,
2024-09-03,ROLL_CLOSE,564.0,2024-09-27,1.0,2346.989479713173,,,,
2024-09-03,ROLL_OPEN,552.0,2024-10-03,1.0,2365.758347200608,,,,
2024-09-19,HEDGE_TRADE,,,,,-72.58393012187089,-73.40219282611366,570.98,131321.47336764814
2024-10-01,ROLL_OPEN,569.0,2024-10-31,1.0,2118.85707226578,,,,
2024-10-01,ROLL_CLOSE,552.0,2024-10-03,1.0,1665.0537269973438,,,,
2024-10-01,HEDGE_TRADE,,,,,72.68142878080411,-0.7207640453095576,568.62,89539.55598903887
2024-10-14,HEDGE_TRADE,,,,,-56.36013935284843,-57.080903398157986,584.32,122471.91261569527
2024-10-31,HEDGE_TRADE,,,,,55.96656383335026,-1.1143395648077314,568.64,88314.63065242965
2024-10-31,ROLL_OPEN,569.0,2024-11-29,1.0,2368.4551050693244,,,,
2024-10-31,ROLL_CLOSE,569.0,2024-10-31,1.0,36.000000000001364,,,,
2024-11-01,ROLL_CLOSE,569.0,2024-11-29,1.0,2222.2771000556463,,,,
2024-11-01,ROLL_OPEN,571.0,2024-11-29,1.0,2220.1955879009574,,,,
2024-11-06,HEDGE_TRADE,,,,,-62.98143710524791,-64.09577667005564,591.04,125541.26075127008
2024-11-29,ROLL_CLOSE,571.0,2024-11-29,1.0,3154.9999999999955,,,,
2024-11-29,ROLL_OPEN,603.0,2024-12-27,1.0,1710.7124889234228,,,,
2024-11-29,HEDGE_TRADE,,,,,64.35188144232414,0.25610477226849504,602.55,88210.32209927424
2024-12-02,ROLL_OPEN,604.0,2025-01-01,1.0,1758.4982078829569,,,,
2024-12-02,ROLL_CLOSE,603.0,2024-12-27,1.0,1604.5289959881757,,,,
2024-12-18,HEDGE_TRADE,,,,,50.03744521100864,50.29354998327713,586.28,58720.39950906931
2025-01-02,ROLL_CLOSE,604.0,2025-01-01,1.0,1936.0000000000014,,,,
2025-01-02,ROLL_OPEN,585.0,2025-01-31,1.0,2171.645731819791,,,,
2025-01-02,HEDGE_TRADE,,,,,-51.09488033607998,-0.8013303528028481,584.64,88356.86461693532
2025-01-21,HEDGE_TRADE,,,,,-78.3898733349421,-79.19120368774495,603.05,135629.87773157214
2025-01-31,HEDGE_TRADE,,,,,78.04400472893532,-1.1471989588096199,601.82,88290.54051410069
2025-01-31,ROLL_CLOSE,585.0,2025-01-31,1.0,1682.000000000005,,,,
2025-01-31,ROLL_OPEN,602.0,2025-02-28,1.0,2052.894291503594,,,,
2025-02-03,ROLL_OPEN,598.0,2025-03-05,1.0,2303.3060065339614,,,,
2025-02-03,ROLL_CLOSE,602.0,2025-02-28,1.0,2136.5534454072986,,,,
2025-02-18,HEDGE_TRADE,,,,,-58.20388890521668,-59.3510878640263,611.49,123714.88397962498
2025-02-24,HEDGE_TRADE,,,,,62.505412326772934,3.1543244627466382,597.21,86386.02668395292
2025-02-27,HEDGE_TRADE,,,,,63.839932270810046,66.99425673355668,585.05,49036.47430891551
2025-03-03,ROLL_CLOSE,598.0,2025-03-05,1.0,1455.205438622188,,,,
2025-03-03,ROLL_OPEN,584.0,2025-04-02,1.0,2581.35083146588,,,,
2025-03-03,HEDGE_TRADE,,,,,-68.63768940704674,-1.6434326734900473,583.77,87978.95286122349
2025-03-10,HEDGE_TRADE,,,,,50.16451689867489,48.52108422518484,560.58,59857.727978164316
2025-03-31,HEDGE_TRADE,,,,,50.75682463517747,99.27790886036232,559.39,31464.86784549239
2025-04-01,HEDGE_TRADE,,,,,-101.62897487893856,-2.351066018576242,560.97,88062.06192388013
2025-04-01,ROLL_CLOSE,584.0,2025-04-02,1.0,2303.043851464795,,,,
2025-04-01,ROLL_OPEN,561.0,2025-05-01,1.0,2716.6558109152274,,,,
2025-04-04,HEDGE_TRADE,,,,,65.57517487648732,63.22410885791108,505.28,54928.23756228862
2025-05-01,ROLL_CLOSE,561.0,2025-05-01,1.0,252.99999999999727,,,,
2025-05-01,ROLL_OPEN,558.0,2025-05-30,1.0,4526.340365515375,,,,
2025-05-01,HEDGE_TRADE,,,,,-67.93790628417018,-4.713797426259103,558.47,88596.17971929377
2025-05-12,HEDGE_TRADE,,,,,-64.16098963364706,-68.87478705990617,582.99,126001.39506581367
2025-05-30,ROLL_OPEN,589.0,2025-06-27,1.0,2346.6013597927486,,,,
2025-05-30,HEDGE_TRADE,,,,,65.82610402470942,-3.048683035196742,589.39,87996.54625489743
2025-05-30,ROLL_CLOSE,558.0,2025-05-30,1.0,3138.9999999999986,,,,
2025-06-02,ROLL_CLOSE,589.0,2025-06-27,1.0,2200.740053570621,,,,
2025-06-02,ROLL_OPEN,593.0,2025-07-02,1.0,2396.9775884645287,,,,
2025-06-24,HEDGE_TRADE,,,,,-66.05291960811383,-69.10160264331057,606.78,127879.89927981482
2025-07-01,ROLL_CLOSE,593.0,2025-07-02,1.0,2465.0000029712432,,,,
2025-07-01,ROLL_OPEN,618.0,2025-07-31,1.0,2000.5261285312372,,,,
2025-07-01,HEDGE_TRADE,,,,,68.59646925158239,-0.5051333917281742,617.65,85975.76392101496
2025-07-21,HEDGE_TRADE,,,,,-57.807019878639636,-58.31215327036781,628.77,122323.0838101072
2025-07-31,HEDGE_TRADE,,,,,56.59912996731222,-1.713023303055583,632.08,86146.14166984825
2025-07-31,ROLL_OPEN,632.0,2025-08-29,1.0,1809.7640705202366,,,,
2025-07-31,ROLL_CLOSE,618.0,2025-07-31,1.0,1408.000000000004,,,,
2025-08-01,ROLL_CLOSE,632.0,2025-08-29,1.0,2328.5853625034065,,,,
2025-08-01,ROLL_OPEN,622.0,2025-08-29,1.0,2158.5961633661154,,,,
2025-08-08,HEDGE_TRADE,,,,,-54.47800577975643,-56.191029082812015,637.18,121028.42659173073
2025-08-29,ROLL_CLOSE,622.0,2025-08-29,1.0,2304.9999999999955,,,,
2025-08-29,ROLL_OPEN,645.0,2025-09-26,1.0,1970.8493906529327,,,,
2025-08-29,HEDGE_TRADE,,,,,54.50183459811598,-1.6891944846960383,645.05,86206.16879356309
2025-09-02,ROLL_CLOSE,645.0,2025-09-26,1.0,1898.9100498489734,,,,
2025-09-02,ROLL_OPEN,640.0,2025-10-02,1.0,2072.4023921108083,,,,
2025-09-11,HEDGE_TRADE,,,,,-62.88167207002942,-64.57086655472546,657.63,127385.55045471471
2025-10-01,ROLL_CLOSE,640.0,2025-10-02,1.0,2845.00000000089,,,,
2025-10-01,ROLL_OPEN,668.0,2025-10-31,1.0,1881.801721583338,,,,
2025-10-01,HEDGE_TRADE,,,,,61.64108538722657,-2.9297811674988905,668.45,87144.76520604067
2025-10-27,HEDGE_TRADE,,,,,-86.50008433601755,-89.42986550351644,685.24,146418.08299645333
2025-10-31,ROLL_CLOSE,668.0,2025-10-31,1.0,1405.9999999999945,,,,
2025-10-31,ROLL_OPEN,682.0,2025-11-28,1.0,2468.290969317161,,,,
2025-10-31,HEDGE_TRADE,,,,,87.46565573479643,-1.9642097687200044,682.06,85698.96687666091
2025-11-03,ROLL_OPEN,683.0,2025-12-03,1.0,2532.2695470319786,,,,
2025-11-03,ROLL_CLOSE,682.0,2025-11-28,1.0,2312.318772313324,,,,
2025-11-18,HEDGE_TRADE,,,,,60.4231854611633,58.458975692443296,660.08,45594.879842737595
2025-11-28,HEDGE_TRADE,,,,,-61.65794174590182,-3.1989660534585296,683.39,87731.30065246945
2025-12-01,ROLL_CLOSE,683.0,2025-12-03,1.0,694.4096223658789,,,,
2025-12-01,ROLL_OPEN,680.0,2025-12-31,1.0,2545.474011657734,,,,
2025-12-24,HEDGE_TRADE,,,,,-62.869077100495566,-66.0680431539541,690.38,129283.78971181774
2025-12-31,ROLL_OPEN,682.0,2026-01-30,1.0,1936.3457146055055,,,,
2025-12-31,ROLL_CLOSE,680.0,2025-12-31,1.0,191.9999999999959,,,,
2025-12-31,HEDGE_TRADE,,,,,64.91133150981649,-1.156711644137598,681.92,83275.10881403818
2026-01-02,ROLL_CLOSE,682.0,2026-01-30,1.0,1830.9347304583412,,,,
2026-01-02,ROLL_OPEN,683.0,2026-01-30,1.0,1829.9424423102494,,,,
